1659103366.498288,-1.522454931743102,-0.6251482169731348,4.9231046652599035,0.0,9.902746267233076e-06,-9.81639089043545e-07,-6.395106253923146e-06,0.0,0.4651
1659103366.548289,-1.522452807089286,-0.6251436909986813,4.923092325271783,-1.0,-2.4644600821511653e-05,2.2736026640538585e-05,-9.915776191214068e-05,0.0,0.4651
1659103366.598178,-1.5224540863790637,-0.6251435743803151,4.92309135630651,-1.0,-1.8086506871799364e-05,4.4755904706715e-06,-6.839034569834339e-05,0.0,0.4651
1659103366.6481795,-1.5224580099808174,-0.6251466852592288,4.923091089787797,-1.0,6.035937097566299e-06,-3.1881749332470383e-05,-4.4057356514404155e-05,0.0,0.4651
1659103366.6983051,-1.5224585096737704,-0.625145831045458,4.923090537364688,-1.0,-3.5280175274334374e-06,-2.196584644078904e-05,-3.130954707899309e-05,0.0,0.4651
1659103366.7483032,-1.5224591683716475,-0.625146235217612,4.923091537567781,0.0,-1.7959712784902538e-07,-1.9113481868513033e-05,-1.1508886314049032e-05,0.0,0.4651
1659103366.7981892,-1.5224567703813814,-0.6251431024829639,4.923087748459233,0.0,-1.9926903578195734e-05,1.146806767941217e-05,-3.6376820524301734e-05,0.0,0.4651
1659103366.8481905,-1.5224566551799954,-0.6251464796519174,4.923086287581805,0.0,1.3434069500564778e-05,2.4615596211868515e-06,-3.361396371171782e-05,0.0,0.4651
1659103366.8983073,-1.522458031558513,-0.6251415960955579,4.923092777842774,0.0,-3.073505648465701e-05,-9.871361026397133e-07,2.932781203687407e-05,0.0,0.4651
1659103366.9483097,-1.5224580535963723,-0.6251458680869173,4.923087619365205,0.0,1.3327118291047113e-05,-7.667376159939416e-06,-2.179702507297936e-05,0.0,0.4651
1659103366.9983125,-1.522458538176707,-0.6251424836993393,4.923093024245018,0.0,-1.813708084607146e-05,-2.9031863961916207e-06,2.8323006527502063e-05,0.0,0.4651
1659103367.0483146,-1.5224598641923959,-0.6251471184793991,4.923097968019848,0.0,2.1697058405030682e-05,-1.927032921968392e-05,5.554546287512748e-05,0.0,0.4651
1659103367.0983322,-1.5224605475171769,-0.625145898264893,4.923097876053162,152.0,3.0168874346581342e-06,-1.5020656355585173e-05,3.340266719375008e-05,0.0,0.141152
1659103367.1483335,-1.5224578917837592,-0.6251480221218059,4.923092025740453,152.0,2.21668878766505e-05,7.388899237440771e-06,-2.463430623911294e-05,0.0,0.141152
1659103367.1983228,-1.5224477867519886,-0.6251388700293293,4.923054021661001,152.0,-3.915944195472154e-05,9.558729330150893e-05,-0.0003084842417380381,0.0,0.141152
1659103367.2483237,-1.5224478094373493,-0.6251424657331156,4.923053030145705,164.0,3.049868266361794e-06,5.272930596750362e-05,-0.00019710134018262288,0.0,0.141152
1659103367.2982688,-1.5224480303741053,-0.6251428894591754,4.92305278543201,174.0,4.7173628394733435e-06,3.0028929358730016e-05,-0.00012293656225064207,0.0,0.141152
1659103367.3482707,-1.5224477196821655,-0.6251448842560114,4.9230205673355405,174.0,1.8452200654811128e-05,1.756778039384017e-05,-0.00032412948408753307,0.0,0.141152
1659103367.3982718,-1.5224187166545815,-0.6251392178316278,4.923516460692395,-60.0,1.547885273295024e-05,0.0002388055247431324,0.003627857501848962,0.077,0.141152
1659103367.4483287,-1.522300197188193,-0.6251029300332938,4.924787125412549,-110.0,-7.13409616819011e-05,0.0010987158739531122,0.012023040616597352,0.085,0.141152
1659103367.49833,-1.5221298770735754,-0.6250767157975495,4.9264535399349345,-110.0,3.77253149549983e-05,0.002002120441114428,0.020243732013305767,0.085,0.141152
1659103367.5483034,-1.5219708861780474,-0.625093933990015,4.9280473752041,-198.0,0.00041574515593730335,0.002400326970169506,0.024739126450898985,0.082,0.141152
1659103367.5983043,-1.5218005185327546,-0.625108037409057,4.929669246499083,-198.0,0.0006450333245171527,0.0027345070200249415,0.027709438962599902,0.082,0.141152
1659103367.648357,-1.5216467699582956,-0.6251045880311089,4.931269174357196,-306.0,0.0006275467711591312,0.002842128511189404,0.029351492822365426,0.091,0.141152
1659103367.6983573,-1.5215036316701065,-0.6251059731342207,4.932897959535149,-306.0,0.0006374408888356372,0.0028209966974700193,0.030595509664616445,0.091,0.141152
1659103367.7483714,-1.5213528559967155,-0.6250997087978896,4.934502369148162,-2376.0,0.00060058666771338,0.0028777987213602207,0.031168019763962676,0.125,0.141152
1659103367.798373,-1.5211435092494905,-0.6252822316660893,4.936332425563121,-2376.0,0.0021009978322438392,0.0030297538680561253,0.0332640329520521,0.125,0.141152
1659103367.848348,-1.5205885153475776,-0.6262444995066696,4.939381179447415,-2687.0,0.009494003824314697,0.004363903155945186,0.043968689728539234,0.124,0.141152
1659103367.8983498,-1.5195462604804333,-0.627978158593381,4.94329296979551,-2687.0,0.02069505390426276,0.007447881438235181,0.057190203887242275,0.124,0.141152
1659103367.948363,-1.5181713620460282,-0.6303988119097262,4.94754460699192,-3011.0,0.03334317670286251,0.010538390857365208,0.06792506413287434,0.125,0.141152
1659103367.9983642,-1.5159878287501098,-0.6344987817177047,4.953640267582467,-3011.0,0.055227050184444584,0.015275294647076807,0.08875636942301844,0.125,0.141152
1659103368.0482833,-1.5120411483367049,-0.6415506373630578,4.963276909535948,-6742.0,0.09429402380233318,0.025400423693060073,0.1289982052980418,0.124,0.141152
1659103368.098285,-1.5054349463142451,-0.652772459083181,4.977300325366538,-6742.0,0.15483624835016524,0.042127697099636485,0.18744239919878597,0.124,0.141152
1659103368.1483753,-1.495335052187137,-0.6689920457911833,4.997213195776175,-6912.0,0.23686500143838318,0.06543278652860918,0.26851241368450707,0.124,0.141152
1659103368.1983771,-1.480920620690421,-0.6906033228249768,5.0245001528616475,-6912.0,0.3383426612803684,0.0948359535097747,0.37547793308918453,0.124,0.141152
1659103368.2483778,-1.4613237367380787,-0.7176773827275198,5.059945530274232,-7044.0,0.4557427511869574,0.12926907699623963,0.5041346148310228,0.125,0.141152
1659103368.298353,-1.4358063767758389,-0.7499066286346693,5.104448403356575,-7044.0,0.5851350580080619,0.16638050905646248,0.653221219100292,0.125,0.141152
1659103368.348354,-1.4037798059956912,-0.7863932051321177,5.157180411022288,-8307.0,0.7198705645595922,0.204134032224091,0.8081072464243577,0.125,0.141152
1659103368.3984046,-1.3646500507620396,-0.826680952674786,5.217943105400808,-8307.0,0.8599414573460653,0.23887976203789343,0.96473962230697,0.125,0.141152
1659103368.448407,-1.3176962166498556,-0.8702043625966898,5.287208390340353,-8307.0,1.0070104183394508,0.26820766026199244,1.1269982846728885,0.125,0.141152
1659103368.498403,-1.2628247084249373,-0.9152018174882144,5.364074673856326,-8314.0,1.1514157826989095,0.290780751680739,1.2853769536932556,0.125,0.141152
1659103368.5484042,-1.200484118667561,-0.9595707711191036,5.447468698608235,-8314.0,1.283752585543934,0.3058107161916974,1.4329586910510703,0.125,0.141152
1659103368.5984228,-1.1313155680167477,-1.0013257346117186,5.536718927786189,-8306.0,1.3988407822822553,0.31368418395925696,1.5685470514813011,0.124,0.141152
1659103368.6484232,-1.0558894389977476,-1.0386762103832432,5.630265163619994,-8575.0,1.4965425770381324,0.31730897852649326,1.6852191872505793,0.125,0.141152
1659103368.6982899,-0.9748822261651722,-1.0701675061675937,5.726394979083338,-8575.0,1.580004493845734,0.3192554146601876,1.7787992584545405,0.125,0.141152
1659103368.7482898,-0.8892072996803039,-1.094755004197227,5.824525446292877,-8575.0,1.6471923477061803,0.318663125393636,1.849726694850368,0.125,0.141152
1659103368.7984273,-0.7997266329628973,-1.1116374911622064,-0.3594852240839663,-8571.0,1.7019423489681478,0.31634129208763934,1.8992436406119355,0.125,0.141152
1659103368.8484282,-0.7075399864532904,-1.120112796268954,-0.25955219300068505,-8581.0,1.7495991825308803,0.3136458202365667,1.937591651716595,0.124,0.141152
1659103368.8984225,-0.6137363724345193,-1.1197102534259333,-0.15900215401307843,-8581.0,1.7888601753336861,0.31032073695774376,1.966007553243848,0.124,0.141152
1659103368.9484243,-0.5193142580768964,-1.1102658424932437,-0.05783074159503547,-8709.0,1.8218280876151,0.3054548421345187,1.9881354120688883,0.124,0.141152
1659103368.998252,-0.4253032377057213,-1.0916498694647905,0.043797910895128765,-8709.0,1.8524844039256916,0.2997387425649553,2.007996577985088,0.124,0.141152
1659103369.0482535,-0.33279482681941974,-1.0639082444290673,0.14594776072095889,-8704.0,1.8751122587687556,0.29206599510999354,2.021476612837843,0.125,0.141152
1659103369.0983777,-0.24277484269391722,-1.027030885694617,0.2481308762913393,-8704.0,1.8930593722573252,0.2843686658027189,2.0280838977399065,0.125,0.141152
1659103369.1483788,-0.15625782505531652,-0.9813281665037952,0.3506754113766909,-8710.0,1.9107849661485559,0.27650600863510655,2.036866236061162,0.124,0.141152
1659103369.1983807,-0.07430113724444166,-0.9273359277964073,0.45386491872014023,-8710.0,1.9245910193875546,0.26699021125216765,2.0472257353551737,0.124,0.141152
1659103369.248452,0.0022164915576886463,-0.8654933854498292,0.5573265180835271,-8668.0,1.934466270685133,0.2565393469537807,2.054581268087899,0.125,0.141152
1659103369.2984529,0.07236787116632915,-0.7963387193221517,0.6611462893356592,-8663.0,1.9430102425958091,0.24636276078983488,2.062984169256558,0.125,0.141152
1659103369.3484097,0.1352990185428544,-0.7206776942370945,0.7656975841848955,-8663.0,1.9486994480017308,0.23572411803820134,2.074502374018065,0.125,0.141152
1659103369.3984108,0.1903086199748601,-0.6392697243052694,0.8709561795501422,-8676.0,1.9507588795208188,0.22467844172777232,2.086318220732479,0.124,0.141152
1659103369.4483914,0.23664564197997864,-0.5528451363621316,0.9764602034019356,-8676.0,1.9511540352548773,0.21520916900972348,2.095802731531514,0.124,0.141152
1659103369.498393,0.2737484861524202,-0.46242965569707295,1.0825563148493174,-8682.0,1.9487954207053306,0.20658794178056866,2.105854901929394,0.124,0.141152
1659103369.548466,0.30119332746633903,-0.3688799716256609,1.188895114146359,-8682.0,1.9446078341067738,0.19928626589446566,2.1127327961077538,0.124,0.141152
1659103369.598467,0.31864199053713255,-0.27333783183291127,1.2956120216055482,-8667.0,1.940409580064082,0.19314661548103423,2.1210507941414876,0.124,0.141152
1659103369.6484714,0.3259071535509669,-0.1768801898779237,1.4026449262682061,-8663.0,1.93488726730652,0.18791711567431696,2.128546550013569,0.125,0.141152
1659103369.698473,0.322909323627549,-0.08053039236225396,1.509904093871754,-8663.0,1.929032231492838,0.1837455594392961,2.1349393460382093,0.125,0.141152
1659103369.7484758,0.30969778042758983,0.014575122956707931,1.6174615181051806,-8654.0,1.9225595428319013,0.18044933419352374,2.1411472566571814,0.125,0.141152
1659103369.7984776,0.28648530614325846,0.10734258809672186,1.725136865475817,-8654.0,1.915626623167859,0.17776952325686973,2.145885579438756,0.125,0.141152
1659103369.848472,0.253518717997739,0.1967834948195015,1.8324154357859181,-8654.0,1.9090920363037167,0.17641025470778166,2.1458559483157114,0.125,0.141152
1659103369.906805,0.20983795606211658,0.28280388823252345,1.941383262035572,-8635.0,1.8074699369615483,0.17159190570892752,2.0386525770540076,0.125,0.141152
1659103369.9568172,0.1573529335868924,0.363383926820557,2.050697880807546,-8619.0,1.8484722796656237,0.1775445342864559,2.095417974664823,0.125,0.141152
1659103370.0068185,0.09662691881370919,0.4376640045331445,2.1599987117860406,-8631.0,1.8721982839771592,0.18010570613339524,2.1303539044246946,0.125,0.141152
1659103370.0568495,0.02842924016957242,0.5047210452203833,2.2693984694189924,-8631.0,1.884089076387646,0.18074870171758278,2.1520736753264122,0.125,0.141152
1659103370.106848,-0.04644403742734192,0.5638839321538514,2.378909675750392,-8639.0,1.8902946671106202,0.1801017953717551,2.166819759014961,0.125,0.141152
1659103370.1566238,-0.127157589156452,0.6144630818824275,2.488208865438201,-8639.0,1.896062115449934,0.17961911986757023,2.1780132256399383,0.125,0.141152
1659103370.2066243,-0.2127074881181207,0.655874481729418,2.597277780524304,-8650.0,1.8947243523348545,0.17879129911324626,2.1793044814742863,0.124,0.141152
1659103370.2566266,-0.3021732243288011,0.6877325515783633,2.7060210343022977,-8650.0,1.8932845207582805,0.17821044075160883,2.1775522352518313,0.124,0.141152
1659103370.3068275,-0.3945808839342328,0.7097704809091564,2.814332747820991,-8650.0,1.8897694989675102,0.17736313678031923,2.1698391870878355,0.124,0.141152
1659103370.3568306,-0.48877213572196043,0.7218045499986961,2.9224438847154675,-8667.0,1.8902357310706401,0.1762991374441761,2.166849310586116,0.125,0.141152
1659103370.4068527,-0.5824039382555665,0.7227842030493175,3.0285245689494213,-8673.0,1.8793655814965615,0.18225409894429842,2.1490321566779462,0.125,0.141152
1659103370.4568539,-0.6757947356076688,0.7137696840191273,3.134411553323173,-8673.0,1.8743742873225957,0.1866684689444933,2.1369386426842056,0.125,0.141152
1659103370.5068388,-0.7677715506160101,0.6949756075121287,3.2400791655222796,-8721.0,1.871970426368897,0.18920480620559138,2.1280831972445613,0.125,0.141152
1659103370.5568397,-0.8573795159818527,0.6666085236454523,3.3452471787164817,-8715.0,1.8711457814758579,0.19072708017695197,2.118528664011624,0.124,0.141152
1659103370.6068234,-0.9435677354745223,0.6289179401586045,3.449845139323675,-8715.0,1.8714081583242888,0.19251661661568875,2.1085389185112806,0.124,0.141152
1659103370.6568253,-1.0253336076727133,0.5824646806146999,3.5540520687588653,-8715.0,1.8710711977839733,0.19370831926622673,2.099093664401603,0.124,0.141152
1659103370.7068639,-1.101830932716863,0.5277902168088804,3.657406951830854,-8722.0,1.8701954884113143,0.1947582897496525,2.0861324661790692,0.125,0.141152
1659103370.7568636,-1.1721859794390617,0.46542883625286,3.760261188311776,-8722.0,1.8699804811478342,0.19678369637068355,2.0749283712798468,0.125,0.141152
1659103370.8068871,-1.2356283672854744,0.3961125708146991,3.8630376747648754,-8795.0,1.8690094519149179,0.19910266760725734,2.0670695293510906,0.125,0.141152
1659103370.8568885,-1.291568245196491,0.3205439860532097,3.9660534817004915,-8806.0,1.8690755639878716,0.20127938220516384,2.06444161485769,0.125,0.141152
1659103370.9068902,-1.3393002112908676,0.23950255018101582,4.068810017289525,-8828.0,1.8691890591752178,0.20422941669858952,2.0608231083892066,0.124,0.141152
1659103370.9568894,-1.3781803443763867,0.15392516680667648,4.171155854905265,-8828.0,1.8685632389762328,0.20850818716838365,2.0554691213259764,0.124,0.141152
1659103371.0069008,-1.4078973764336609,0.06462190094836114,4.2728423409691345,-8807.0,1.8686444392894952,0.21376327019804683,2.046901722059119,0.125,0.141152
1659103371.0569015,-1.4280804505364455,-0.027359205639062398,4.374165008114309,-8807.0,1.868902816743053,0.2198795031286291,2.039000875321949,0.125,0.141152
1659103371.1068597,-1.4385534675113802,-0.12094833015448003,4.475041262104862,-8772.0,1.8693720648911598,0.22637522452915862,2.0313649383663526,0.125,0.141152
1659103371.1568637,-1.4393456771931432,-0.2153216913847408,4.575861157346454,-8772.0,1.8703513712355067,0.23208635622904983,2.0255272910831876,0.125,0.141152
1659103371.2068465,-1.4303713404237564,-0.3094488959811025,4.677467722553015,-8772.0,1.872444373212438,0.23714233090009576,2.0283456316526673,0.125,0.141152
1659103371.2568452,-1.4116930553954332,-0.4021661563464619,4.780204224007082,-8762.0,1.8736016058310705,0.24096796550808253,2.038546226903234,0.124,0.141152
1659103371.3069093,-1.3834071864249489,-0.49251684717382965,4.883690794167807,-8762.0,1.873986165184573,0.24410009493064158,2.0495572915239704,0.124,0.141152
1659103371.356908,-1.345660167519084,-0.5793531059113297,4.987485299981261,-8742.0,1.8749719582529083,0.24822763416850693,2.0597381889079562,0.124,0.141152
1659103371.4068184,-1.2988064957159011,-0.6617192792399255,5.09164138285145,-8761.0,1.8771320507477423,0.2531841754831796,2.0702056780040925,0.125,0.141152
1659103371.4568195,-1.2433550519901595,-0.738711798680171,5.195902734976978,-8761.0,1.8778023944048758,0.25813931646028027,2.0759835490957257,0.125,0.141152
1659103371.506818,-1.1798560750733358,-0.8093630458574737,5.300393214258565,-8756.0,1.878735950387381,0.26382985853285085,2.081342436380101,0.124,0.141152
1659103371.5568962,-1.109021894371205,-0.8730588476981724,5.405474918288293,-8756.0,1.8800698611555058,0.2683214352922449,2.087906758435394,0.124,0.141152
1659103371.6068985,-1.0315855029252554,-0.928999006639739,5.5114785991410224,-8749.0,1.8839503183208661,0.27210885786186945,2.100280742793116,0.125,0.141152
1659103371.6568806,-0.9482521064776517,-0.9764101953970593,5.617786620797639,-8749.0,1.889065563259553,0.27635661265205996,2.1105612203295934,0.125,0.141152
1659103371.7068832,-0.8599238793073244,-1.014724471286155,5.723817704232131,-8750.0,1.894772569168939,0.28081724332150443,2.1144011028394964,0.124,0.141152
1659103371.7569473,-0.7675048464788805,-1.0436421093687414,-0.4539041420739336,-8749.0,1.9015594487813774,0.28448082760418325,2.111378989661324,0.124,0.141152
1659103371.8069503,-0.6721396857434211,-1.0628284768166016,-0.3489955479308152,-8749.0,1.9099964478294498,0.28722687067102726,2.1062333570630236,0.124,0.141152
1659103371.8568783,-0.5747867922634092,-1.0721876912475394,-0.2449067075285551,-8757.0,1.9204683001261462,0.28865019550063314,2.0979555386185393,0.125,0.141152
1659103371.9068801,-0.4765262106364081,-1.0715577647617542,-0.14110269909612017,-8757.0,1.929485309324243,0.28872343386460636,2.089484705261012,0.125,0.141152
1659103371.9569285,-0.3785114419597881,-1.061065188210065,-0.037013964825645784,-8750.0,1.9371319677570478,0.28612013415901705,2.0857335884161277,0.125,0.141152
1659103372.006933,-0.2816921888008153,-1.0408231856747858,0.06719940446093572,-8732.0,1.9455792454485104,0.2813954000864952,2.0850957341385774,0.125,0.141152
1659103372.05695,-0.18705060914541088,-1.010809954180774,0.17109287946498108,-8732.0,1.953737678655402,0.2766648212524906,2.0820329375143607,0.125,0.141152
1659103372.1069512,-0.09561161721825732,-0.9715088706177483,0.2747977191922913,-8732.0,1.9613277780384004,0.2703427026585494,2.0789523039387086,0.125,0.141152
1659103372.15694,-0.008374177995843515,-0.9232971515971036,0.37868580342065483,-8742.0,1.9677834428866057,0.2628569475281895,2.078673367248378,0.125,0.141152
1659103372.2069416,0.07373328817344646,-0.8666891448947043,0.4828214563664668,-8742.0,1.972500461047615,0.2541592424577753,2.0802061036074537,0.125,0.141152
1659103372.256902,0.1497438726733807,-0.8022627381560437,0.5870083579424977,-8752.0,1.9757727683933597,0.24522653955918197,2.0822066855720593,0.124,0.141152
1659103372.3069072,0.21894701635739117,-0.7306885947277577,0.6911894899754575,-8752.0,1.976903547367776,0.23573984622475627,2.082669491324161,0.124,0.141152
1659103372.3566947,0.2804567941360984,-0.6527099979896672,0.7957678582889581,-8678.0,1.979410778570816,0.22709751317077814,2.089547259103989,0.124,0.141152
1659103372.406696,0.3336578467289083,-0.5691975775304219,0.9009728347293013,-8689.0,1.9757410163470868,0.21773912362964365,2.095140082838928,0.125,0.141152
1659103372.456963,0.37801688760914337,-0.48094233487377525,1.0062910563066922,-8689.0,1.9679126064913854,0.20848442275427548,2.095154319335225,0.125,0.141152
1659103372.5153008,0.41263560073042405,-0.38729990193795694,1.1138293392331307,-8678.0,1.8654257469018112,0.1958412333664307,1.9980006554045961,0.125,0.141152
1659103372.5652945,0.43729136878473174,-0.2909942633362174,1.2217303897788594,-8678.0,1.9091952390709621,0.1956775676001254,2.059851682334927,0.125,0.141152
1659103372.6152961,0.45167072178433576,-0.1930355634082376,1.3297931985314242,-8671.0,1.9330933822990952,0.19284156216429837,2.0989535474996113,0.125,0.141152
1659103372.6652396,0.4556625808356749,-0.09456866046811922,1.4380315660703626,-8672.0,1.9453272442231315,0.1885663996971648,2.1252949523113704,0.124,0.141152
1659103372.715241,0.4492631059868873,0.003323392102513409,1.5466963074238975,-8672.0,1.9487255863356698,0.18338051625612933,2.1437934497744515,0.124,0.141152
1659103372.7652233,0.4326132000805113,0.09961807878283364,1.6555260128405256,-8672.0,1.9483896585645173,0.17778446575695958,2.1567474912419033,0.124,0.141152
1659103372.8152246,0.4058754852952622,0.19307723289255244,1.7645494989043187,-8672.0,1.9440401091234272,0.17279160257791298,2.1658779084117485,0.125,0.141152
1659103372.865272,0.36941161391776267,0.28279032897101286,1.8738961348363656,-8672.0,1.9379737669574901,0.16798320158500227,2.173203126874781,0.125,0.141152
1659103372.9152732,0.3236066590830967,0.3677591615218998,1.983157261003281,-8672.0,1.9325949457180769,0.1642237409689101,2.1778217467981213,0.125,0.141152
1659103372.973629,0.26753617075839464,0.44757139455357053,2.094201014551007,-8651.0,1.8292758089133627,0.15819193408760024,2.071727806402169,0.124,0.141152
1659103373.0236301,0.2036246635226655,0.5189960853370188,2.2034383506452886,-8647.0,1.8595681337884322,0.16900377494121893,2.1153190689866617,0.125,0.141152
1659103373.073664,0.13244997178496604,0.5829031911415425,2.3129135825622718,-8647.0,1.8762586860461772,0.17525856081975114,2.143374148358443,0.125,0.141152
1659103373.123665,0.05499573986533543,0.6385213369908299,2.422343776122863,-8680.0,1.884717785752502,0.17852816431384147,2.1608075919554106,0.125,0.141152
1659103373.1736667,-0.027888343644919093,0.6852849948782259,2.5314984771265747,-8680.0,1.8884632651763562,0.18033457789476914,2.1693799323033307,0.125,0.141152
1659103373.2236922,-0.1153437117406769,0.7227064983591708,2.6400863930967606,-8680.0,1.890045180113045,0.18194804088159722,2.169871127211533,0.125,0.141152
1659103373.2736936,-0.20624926164177831,0.7503962598472518,2.7486433388207523,-8637.0,1.8906240508622973,0.18296715293035126,2.17033715833999,0.125,0.141152
1659103373.323603,-0.2996007571822845,0.7682025635306723,2.856745129562909,-8657.0,1.8924316319845973,0.18306183423772926,2.1686491355789563,0.125,0.141152
1659103373.373605,-0.39437602942965455,0.7758399058693015,2.9642338635389365,-8657.0,1.8925122820640201,0.18344945111034933,2.161331250694135,0.125,0.141152
1659103373.423677,-0.48952149431476666,0.7733982629539347,3.071377538281235,-8657.0,1.8923422134216337,0.18287236956729697,2.153020731262758,0.125,0.141152
1659103373.4736784,-0.5825057650352476,0.7603299877893576,3.1764722236823264,-8660.0,1.8828015502225748,0.18807267810651665,2.1332699396467825,0.125,0.141152
1659103373.5236883,-0.6737369700857504,0.7375162107239133,3.2811518063922436,-8660.0,1.8778549708651342,0.19189665684567717,2.1177983101372573,0.125,0.141152
1659103373.57369,-0.7621924225133154,0.7052866473451175,3.385442262163449,-8761.0,1.8757271870509589,0.1943988260059464,2.1054285577622536,0.124,0.141152
1659103373.623699,-0.8469576264017832,0.6640971469240032,3.4896425699851426,-8761.0,1.8751692769344042,0.19507473731177058,2.097017387243986,0.124,0.141152
1659103373.6737,-0.9270157830603856,0.6143591871840314,3.5933657305042757,-8771.0,1.8750098621521167,0.1954120574014319,2.0882960963437367,0.124,0.141152
1659103373.7236905,-1.0014125125116329,0.5566320426569841,3.696755396071339,-8771.0,1.8743755737314292,0.19599480658023877,2.0805376733354404,0.124,0.141152
1659103373.773687,-1.0694658060460052,0.4914868813965974,3.799504719230845,-8753.0,1.8741490026382817,0.1970455658509218,2.0707357165706832,0.125,0.141152
1659103373.8236454,-1.1303063436644585,0.4196787343537983,3.902046659407523,-8753.0,1.8737208303871244,0.19896263838565553,2.063715990580544,0.125,0.141152
1659103373.8736463,-1.1833808844043974,0.3419829076748489,4.004266031026781,-8801.0,1.872555055558313,0.2010554662808899,2.056243394762348,0.125,0.141152
1659103373.9236667,-1.2280998903936888,0.2591076909404456,4.105833999470296,-8801.0,1.871916635296407,0.204476350055284,2.0463208487317552,0.125,0.141152
1659103373.9736683,-1.2640273651747642,0.17200529086209002,4.206938831336414,-8805.0,1.8719790287504932,0.20845815947586915,2.036948164063249,0.125,0.141152
1659103374.0237434,-1.2908628854094233,0.08159627580489509,4.3077132502767315,-8805.0,1.8714622617334529,0.21222884156890243,2.0275018203177675,0.125,0.141152
1659103374.0737448,-1.3082834268688925,-0.011213489650179001,4.408143425505507,-8805.0,1.8729311817560297,0.21663639230543044,2.0201881009522547,0.125,0.141152
1659103374.1236608,-1.3161315470290644,-0.10539785921451994,4.508187892399155,-8796.0,1.8754800620639027,0.2212783149695797,2.0140401280575784,0.124,0.141152
1659103374.173662,-1.3143736256726353,-0.20000886380159838,4.608502117205276,-8779.0,1.876579563302487,0.22510177150320135,2.0110297470866594,0.125,0.141152
1659103374.223729,-1.3029433856103716,-0.29396856896108936,4.709345093675742,-8775.0,1.8763473205872134,0.22853936191583837,2.012238638417269,0.125,0.141152
1659103374.2737308,-1.2818657123191377,-0.3860659363316401,4.810881843539193,-8775.0,1.8755972751585015,0.23233503980807252,2.019346676453697,0.125,0.141152
1659103374.3236802,-1.2514044319305107,-0.47543346905937306,4.913066875155009,-8787.0,1.875296471647923,0.23566474274121496,2.0295428800838833,0.125,0.141152
1659103374.373682,-1.211610344536332,-0.5610462616353129,5.015818754143137,-8787.0,1.8739362147088026,0.24038631525011933,2.0393510159397272,0.125,0.141152
1659103374.4236832,-1.1629786089705516,-0.641885321186356,5.119464035769644,-8787.0,1.8723054751716544,0.245262693138102,2.0522804134005166,0.125,0.141152
1659103374.473741,-1.1058591682216363,-0.7171453816508061,5.223450578117397,-8727.0,1.8712064265709243,0.25091884608026777,2.061944665700029,0.125,0.141152
1659103374.5237389,-1.0407495263602486,-0.7859917096329013,5.328095746064987,-8729.0,1.8731411603338548,0.25745316111460564,2.073926112214438,0.125,0.141152
1659103374.5737607,-0.9684284996386644,-0.8475444319959774,5.4331444712120724,-8737.0,1.8752655834100391,0.2638955627501899,2.08400854381495,0.124,0.141152
1659103374.6237621,-0.8895502611623944,-0.9012229124374072,5.538339530358064,-8737.0,1.8799825074723437,0.27013970487798583,2.0916620555783325,0.124,0.141152
1659103374.6736805,-0.8048857220712893,-0.94626193077286,5.643344433737934,-8737.0,1.8874243095845396,0.27737220204449353,2.096241717409415,0.124,0.141152
1659103374.7236805,-0.7155057482406051,-0.9822409946189301,5.748310943725034,-8739.0,1.8941006400374494,0.2830626790047017,2.097434241223513,0.125,0.141152
1659103374.7737763,-0.6223850707978695,-1.0089397245479292,-0.4304090416920934,-8737.0,1.9008865595363986,0.2862206367629228,2.092756298555192,0.125,0.141152
1659103374.8237782,-0.5264697262422001,-1.0258975453227375,-0.3266672706543371,-8737.0,1.9104307696154228,0.2893499982832881,2.0858114011559574,0.125,0.141152
1659103374.8737018,-0.4288901797488208,-1.0331102744478258,-0.22292002963989987,-8742.0,1.9211274182515243,0.2900692442402579,2.082842658643865,0.124,0.141152
1659103374.9237032,-0.33057742389618183,-1.0304885709687945,-0.11934576296373792,-8742.0,1.9307141401757495,0.28856106464789266,2.078438106853936,0.124,0.141152
1659103374.9737709,-0.2326039706070102,-1.0180182593775955,-0.015913545371191173,-8742.0,1.9391630069309176,0.28532563312305775,2.073580243350898,0.124,0.141152
1659103375.0237715,-0.13600499080797107,-0.9957773382761227,0.08718847249068924,-8752.0,1.9484955152619516,0.28129964713602,2.0691167294326607,0.124,0.141152
1659103375.073757,-0.04167387670251575,-0.9640756236258555,0.19036879525228062,-8752.0,1.9579849927242843,0.27526827771881535,2.0672229249936023,0.124,0.141152
1659103375.123758,0.04924102659214523,-0.9231415479609778,0.29400409231718794,-8740.0,1.9655055780599116,0.26807563918358684,2.0693203485855953,0.124,0.141152
1659103375.173801,0.13573183439486353,-0.8734595976211667,0.3980529952824535,-8740.0,1.970341248044923,0.2592581808120265,2.073130851176791,0.124,0.141152
1659103375.223802,0.21690952711398168,-0.8155007034272999,0.5022298487449655,-8740.0,1.9744635815998424,0.2496965915860074,2.0771278927390218,0.124,0.141152
1659103375.2738018,0.2918489253265375,-0.7498433435355575,0.6068348715622566,-8734.0,1.976619290687775,0.23977377194071356,2.0829099683542345,0.124,0.141152
1659103375.3238034,0.35966639305294257,-0.677235053293433,0.7121569151745394,-8734.0,1.9762159762149805,0.22939828369339088,2.0919634730395336,0.124,0.141152
1659103375.3737743,0.41957550273008826,-0.5983024150095905,0.8178963067926329,-8734.0,1.9747330473101194,0.22006528557059157,2.1012464733198604,0.125,0.141152
1659103375.423776,0.47095845692588556,-0.5139665971196453,0.9241231920042626,-8675.0,1.971090245665697,0.21082989927733908,2.1102072690854503,0.125,0.141152
1659103375.4737766,0.5131630609059507,-0.42509236566783565,1.0309190071120722,-8683.0,1.9662471973825393,0.20265371357664813,2.1201165980705854,0.124,0.141152
1659103375.5238013,0.5457079776652748,-0.3326398112969474,1.1380209662029606,-8683.0,1.9602072507177295,0.19564750803323586,2.1281669523401425,0.124,0.141152
1659103375.5738025,0.5681648814689655,-0.23772401573748025,1.2454722942956855,-8695.0,1.9532785321636634,0.1900526492601574,2.1361970609220435,0.125,0.141152
1659103375.623831,0.5803778982277729,-0.14131025893599,1.3526821208586726,-8695.0,1.9459704307398373,0.18566510698742844,2.138811441082559,0.125,0.141152
1659103375.6738324,0.5822217878886171,-0.04448189453747896,1.4600039096004962,-8688.0,1.9393131978966034,0.1824996612716487,2.1417305335320225,0.125,0.141152
1659103375.7237034,0.573777828381501,0.05158415180016239,1.5675389237809676,-8659.0,1.9340719514323812,0.17983340817434323,2.147338876943968,0.125,0.141152
1659103375.7737045,0.5551592866583919,0.14585658067424992,1.6751882358568797,-8654.0,1.9263046229850689,0.1775328617137497,2.1494990085204573,0.125,0.141152
1659103375.823858,0.5266081823428953,0.2372673678797788,1.7829793614740752,-8654.0,1.9167840556689946,0.17565791288757088,2.1493931441083243,0.125,0.141152
1659103375.8738592,0.4886011068290722,0.324716914198038,1.890874516762581,-8654.0,1.9100333069731048,0.17394806468487953,2.1526578212967347,0.125,0.141152
1659103375.9238062,0.44147988133752414,0.40730582796732895,1.998383898914747,-8668.0,1.904570801490425,0.17350732952784872,2.1525846724297044,0.124,0.141152
1659103375.9738078,0.38580261106628627,0.48409043462698254,2.1056791296168527,-8668.0,1.8984687947234538,0.17416240519856813,2.1499801930974076,0.124,0.141152
1659103376.0238519,0.3223803553551597,0.5542077667091394,2.213207716122227,-8674.0,1.8917654516950964,0.17458032258895523,2.1494778419872222,0.124,0.141152
1659103376.073853,0.25197130482785873,0.6169581885516188,2.3204503900894484,-8685.0,1.8864703230092643,0.17494818944789303,2.147674498680837,0.124,0.141152
1659103376.1238508,0.17531164484860035,0.6714726702737317,2.427494663514917,-8685.0,1.881180768954339,0.17698883962830758,2.145091060592815,0.124,0.141152
1659103376.1738524,0.09338098701087802,0.7172938947834426,2.5345780457243814,-8686.0,1.8763134342260146,0.1789143802434929,2.1437432732318125,0.124,0.141152
1659103376.2404878,0.0037926857200746844,0.7534378557035172,2.6446986007569526,-8686.0,1.7081210546913734,0.1731903057765571,1.9542199160559293,0.124,0.141152
1659103376.2904897,-0.0890894838390139,0.7796423801626504,2.7544380048854533,-8684.0,1.7890897902156153,0.18973003865930288,2.047016347130327,0.124,0.141152
1659103376.3403435,-0.18423037658459324,0.7956862901630931,2.863660627679302,-8674.0,1.8409390493244528,0.19914650111964338,2.1025206340461082,0.125,0.141152
1659103376.3903449,-0.2806617975653786,0.8015590694576338,2.972301081099152,-8674.0,1.8717525433576714,0.20301076710513521,2.129619613043397,0.125,0.141152
1659103376.4405155,-0.37721634927073844,0.7972062593138516,3.0804702418676966,-8694.0,1.8886830278469013,0.2034527815056288,2.139808366979426,0.124,0.141152
1659103376.4905164,-0.4728501444811252,0.7827142599803798,3.1881363863646786,-8694.0,1.9023320124996188,0.20232555921340026,2.145008154296024,0.124,0.141152
1659103376.5405555,-0.5666725313505356,0.7582601205126311,3.295233241677603,-8694.0,1.9121153980510983,0.19988583920414052,2.1431780822447033,0.124,0.141152
1659103376.5905569,-0.6576033143185355,0.7242232503044732,3.4022251099113667,-8714.0,1.9200054408092118,0.19572375814772408,2.1418661657431994,0.124,0.141152
1659103376.640504,-0.7446539997077941,0.6810641605583314,3.509174547683375,-8769.0,1.9265467350486511,0.18967985132545595,2.1416312950075604,0.125,0.141152
1659103376.6905055,-0.8268738459350734,0.629103671791938,3.615538016702439,-8770.0,1.9307251812746768,0.18368870396010278,2.1360628544555587,0.124,0.141152
1659103376.7404473,-0.9000706547549047,0.5695071801829115,3.7184846654591377,-8770.0,1.9108848769712279,0.1902920358982623,2.1072269823456304,0.124,0.141152
1659103376.7904494,-0.966716705784125,0.502752981813601,3.821699539237737,-8760.0,1.897376464300153,0.19395490261754203,2.0906283699498562,0.125,0.141152
1659103376.84045,-1.0259958232412196,0.4295104170728921,3.925017738911182,-8760.0,1.8882486600831365,0.19673810777464532,2.0812548404471767,0.125,0.141152
1659103376.8905678,-1.0771287372072311,0.3505726458559651,4.028309175376534,-8764.0,1.879441228611564,0.19979780938094557,2.073429818903832,0.125,0.141152
1659103376.9405692,-1.1196227869743773,0.2667140819335646,4.131685617153917,-8855.0,1.8751991445238276,0.2035588713470093,2.0711307454503154,0.125,0.141152
1659103376.9905667,-1.1528827800753,0.17883417742050786,4.235410573295971,-8836.0,1.8719997951311722,0.2083456457867139,2.0724694351469886,0.125,0.141152
1659103377.0405684,-1.1764182017182916,0.08800679451773717,4.339508386396053,-8836.0,1.8685796301119606,0.2141539337859738,2.076104064551246,0.125,0.141152
1659103377.0905592,-1.1899999812473294,-0.0049443197921384685,4.4437229174775865,-8840.0,1.8671117585305381,0.2208937749383839,2.0794095324778543,0.125,0.141152
1659103377.1405606,-1.1933496514551831,-0.09896331620631668,4.548418959696311,-8840.0,1.866699184472398,0.2285922260753205,2.0849866604648373,0.125,0.141152
1659103377.1906047,-1.1865171533810455,-0.1928910881146548,4.653669700134001,-8840.0,1.8662960338754493,0.2354796516539569,2.091999782622084,0.125,0.141152
1659103377.2406054,-1.1694625188428263,-0.28565645832622344,4.758987079494812,-8731.0,1.8674000093782956,0.2427405107141576,2.097525311876678,0.125,0.141152
1659103377.2905927,-1.1423995114347119,-0.37619248825118035,4.8642569223236105,-8731.0,1.8692672228438438,0.24984881682082574,2.1007688431996145,0.125,0.141152
1659103377.3405945,-1.1057077225042309,-0.4634746813609647,4.969711055780277,-8738.0,1.871422932705888,0.2558543421938153,2.103946627505787,0.125,0.141152
1659103377.390599,-1.05981613916981,-0.5465798120036676,5.07577305049394,-8738.0,1.8745902596636115,0.2601921716507862,2.110546202354805,0.125,0.141152
1659103377.4406004,-1.0050673602060518,-0.6243693965151842,5.182165119324337,-8748.0,1.8777894131099184,0.26477267840086904,2.1171971760590234,0.125,0.141152
1659103377.4905815,-0.942129017428836,-0.6959839470283031,5.288754890539513,-8748.0,1.8815822882684798,0.26869768279217415,2.123140969946474,0.125,0.141152
1659103377.5405836,-0.8716754188064147,-0.7606514886653022,5.39514298636682,-8743.0,1.8857488409013345,0.2719721109242516,2.1248896018069168,0.125,0.141152
1659103377.5905063,-0.7944517688699309,-0.8175126137403641,5.501338070236093,-8734.0,1.8913224773315689,0.2757141519132311,2.125777299202526,0.125,0.141152
1659103377.640508,-0.7112820110585873,-0.8659695620192702,5.607041908630012,-8734.0,1.8961565158218252,0.27929940686891525,2.121235970472509,0.125,0.141152
1659103377.6905751,-0.6230240919442123,-0.9055209544930809,5.712300395868778,-8746.0,1.9015490404128943,0.28260837915062903,2.113946430426017,0.124,0.141152
1659103377.740577,-0.5307646430672072,-0.9357386812805248,-0.4661044298698358,-8746.0,1.9086248075285914,0.2852095978286529,2.106840742561396,0.124,0.141152
1659103377.7906322,-0.43540703300418543,-0.9563325390501278,-0.3617591795471077,-8754.0,1.915851955961834,0.286842325772249,2.0982590566476684,0.124,0.141152
1659103377.8406336,-0.3378495805442011,-0.967057013665723,-0.25762599007949133,-8754.0,1.9256914637411493,0.28794728098492806,2.092219092747447,0.124,0.141152
1659103377.8905609,-0.23926212992318674,-0.9678083627684616,-0.15387780661635725,-8770.0,1.936459520918896,0.2878834444709616,2.0867276623547095,0.125,0.141152
1659103377.9405622,-0.1406496495011435,-0.9586863413083149,-0.050582036507028194,-8770.0,1.9457161802403153,0.28558123632027665,2.0786747985187715,0.125,0.141152
1659103377.9905636,-0.043009976070934444,-0.9396968499977852,0.05252097978643884,-8764.0,1.9550804022609973,0.2821708286154318,2.072241774182631,0.125,0.141152
1659103378.0406337,0.05252106168313474,-0.9111360847658535,0.1559270753510173,-8764.0,1.9621431704103716,0.27639374474972717,2.0695356170683983,0.125,0.141152
1659103378.0906336,0.14497620816290852,-0.8733126001777272,0.2594136724981588,-8770.0,1.9695274223810162,0.2688478918645855,2.069612134893659,0.124,0.141152
1659103378.140641,0.23328582134065204,-0.8264839623057123,0.3629969037533158,-8770.0,1.9748674051706052,0.26094658317045527,2.0702867421737032,0.124,0.141152
1659103378.1906414,0.3164651269246807,-0.7711973860802579,0.466975987128615,-8711.0,1.978099034173523,0.25225281933024374,2.0738664833826386,0.124,0.141152
1659103378.2406535,0.3937603978227803,-0.7080390489445945,0.5717164557417608,-8714.0,1.9800112882384302,0.24203861226614293,2.0817519510438522,0.125,0.141152
1659103378.2906544,0.46419743584091033,-0.6375822276812138,0.6767423626720325,-8714.0,1.9802860539698668,0.23212596240109754,2.088978564989158,0.125,0.141152
1659103378.340629,0.5269166950108984,-0.5606175975441512,0.7819495904362903,-8722.0,1.9785251253693625,0.222961840803619,2.0952420269182506,0.124,0.141152
1659103378.3906302,0.5814738931987826,-0.47789295016182703,0.8873426536666903,-8722.0,1.975958146063101,0.21359871156085725,2.100092790530309,0.124,0.141152
1659103378.4406264,0.627033368754355,-0.390287837405351,0.9931738824127555,-8704.0,1.9719376517009328,0.20578946114524901,2.106534998822058,0.125,0.141152
1659103378.4906278,0.6631462067591629,-0.2988462944184281,1.099264012128414,-8675.0,1.966285155134965,0.1986570616905569,2.1124036560747537,0.125,0.141152
1659103378.5406756,0.6894877819828886,-0.2044569801437779,1.2052778882215793,-8680.0,1.9598148524915278,0.19244378919603541,2.1146593202983803,0.124,0.141152
1659103378.5906785,0.70574216930931,-0.10811869292404848,1.3115053905158427,-8679.0,1.9543295206906552,0.1875582831019922,2.1184297252137583,0.125,0.141152
1659103378.6406794,0.7118044107365068,-0.011069402955123153,1.4180412904952973,-8679.0,1.9475646177900259,0.18290822886510452,2.123156498594634,0.125,0.141152
1659103378.6906807,0.7076329154090497,0.08568965021666672,1.5247297326948661,-8686.0,1.9404909060700741,0.17887360501828806,2.127228708912952,0.125,0.141152
1659103378.740679,0.6932237227476432,0.18110112980553486,1.631356172958618,-8686.0,1.9334481087762438,0.17628688917465438,2.129302106926475,0.125,0.141152
1659103378.7906802,0.6688844328004351,0.2740738003106312,1.738392519380848,-8674.0,1.9261590304487017,0.17377642867917442,2.1336916914556676,0.124,0.141152
1659103378.8406606,0.634903027272931,0.36354594125002465,1.845595703353606,-8674.0,1.9189473732618436,0.17178754255902817,2.1380183328470768,0.124,0.141152
1659103378.8906612,0.5915923402880716,0.44848200996744564,1.9529590544736475,-8660.0,1.91132210231098,0.1711835201874633,2.1415760580900476,0.125,0.141152
1659103378.940617,0.5395732177798542,0.5279932907558476,2.0604748152511014,-8660.0,1.9047759888500675,0.17085078415212115,2.1456816268839694,0.125,0.141152
1659103378.9906187,0.47943684028756567,0.6012257166652007,2.168267622917404,-8668.0,1.8980910059546867,0.17068420832754105,2.149580694025116,0.124,0.141152
1659103379.0406199,0.4118919377256131,0.6672258105283364,2.2757527974291536,-8668.0,1.89138255259917,0.17178292453979754,2.149609091912101,0.124,0.141152
1659103379.0906703,0.3377340150025626,0.7252823450038294,2.3829429386826466,-8677.0,1.8844143410610716,0.17396551365664065,2.1465340214925526,0.124,0.141152
1659103379.1406724,0.2577974361416224,0.7748921143546559,2.490111085304304,-8677.0,1.8799495476186878,0.17645897132617977,2.1452756915010194,0.124,0.141152
1659103379.1906362,0.17313132447128737,0.8154533838755194,2.59695149329861,-8680.0,1.876103785132312,0.1792185816491802,2.1426071624208527,0.125,0.141152
1659103379.2406375,0.08464720951978559,0.8465835569872364,2.7033266195079695,-8680.0,1.8724327972983987,0.18231165158287987,2.1367560388356903,0.125,0.141152
1659103379.2906911,-0.006706620844673161,0.8679193836546688,2.8090193588276704,-8696.0,1.869285759743178,0.18641890573205785,2.1270457357759156,0.124,0.141152
1659103379.3406928,-0.09979322175676109,0.8794352445770436,2.914407663595259,-8696.0,1.8679054722995587,0.1897004613118693,2.119579938620518,0.124,0.141152
1659103379.3907049,-0.1936309548145814,0.8810704599591347,3.019234790986475,-8690.0,1.8672716516181442,0.19234569357423267,2.110494593808361,0.125,0.141152
1659103379.4407058,-0.28719630169041055,0.8727262670023613,3.1235872308356343,-8690.0,1.8675392368781625,0.19550956645525425,2.1014329827151528,0.125,0.141152
1659103379.4907382,-0.37947747459157244,0.8546335987368361,3.226957375926232,-8681.0,1.8679273029531558,0.1984170268427928,2.0877855676688184,0.124,0.141152
1659103379.5407395,-0.46954787903548184,0.8271571272964338,3.330190395458966,-8681.0,1.8696688533106263,0.19981834528828757,2.0788402330545575,0.124,0.141152
1659103379.5906162,-0.5564761812474674,0.7905071269239456,3.4328557153712813,-8697.0,1.8738361483432475,0.20119205549955602,2.0709463270885067,0.125,0.141152
1659103379.6406178,-0.6392291821441524,0.7451638493950987,3.5349706021917577,-8697.0,1.8747467577478825,0.20196307949046846,2.059866156460172,0.125,0.141152
1659103379.6907248,-0.7171623313421682,0.6916623233784548,3.636934029211628,-8787.0,1.875202184855312,0.2012476961930753,2.0502377762090185,0.124,0.141152
1659103379.74073,-0.7893346085570332,0.630517925389828,3.7391509430279557,-8777.0,1.8774957261744554,0.20031707083560177,2.047879346264249,0.125,0.141152
1659103379.7907174,-0.8548431780380812,0.5624431973630428,3.8416340891414094,-8777.0,1.8783301699281396,0.19913939746612563,2.0487682588996345,0.125,0.141152
1659103379.8407187,-0.9129621320570303,0.48807291621717425,3.944271202329017,-8772.0,1.8779405283546506,0.19847299594448561,2.0502798004493252,0.124,0.141152
1659103379.890738,-0.9629629306127715,0.40812641544246875,4.0470816959355265,-8772.0,1.876616861755323,0.19914098371075756,2.0522624564999283,0.124,0.141152
1659103379.9407394,-1.0042518071947506,0.32363013780269984,4.150056119031333,-8770.0,1.8740331052531314,0.20039013904278674,2.055028774035541,0.125,0.141152
1659103379.9907374,-1.0363669365011727,0.23534472085554925,4.25333580482868,-8770.0,1.8715453012198475,0.2027809337802389,2.059136629742704,0.125,0.141152
1659103380.0407329,-1.0588008100062654,0.14416772424605162,4.356530605701418,-8809.0,1.869320242942157,0.2074052927542383,2.061046051294863,0.125,0.141152
1659103380.0907335,-1.0713964306023214,0.051191522492296,4.460488547451332,-8816.0,1.8671135060378274,0.21207678803949018,2.068024511397899,0.124,0.141152
1659103380.1407394,-1.0740292725260503,-0.04271178867856492,4.564668527375852,-8816.0,1.8663528291603741,0.2167976088960141,2.0739393971768902,0.124,0.141152
1659103380.1907403,-1.0663522435593362,-0.1363728552524925,4.668968812135808,-8823.0,1.8657371839882264,0.2237062308130663,2.0785808292609387,0.125,0.141152
1659103380.2407398,-1.0485611389134353,-0.22879733141883501,4.773277207757193,-8823.0,1.8661224552918754,0.23102899687193895,2.0815168983468304,0.125,0.141152
1659103380.290741,-1.02094408976284,-0.31891810136451887,4.878177200151521,-8823.0,1.8671601425409337,0.23731122510027455,2.087858637785409,0.125,0.141152
1659103380.3407419,-0.9837144031422413,-0.40565593812619405,4.983118719568814,-8743.0,1.8685130343980654,0.24357108562406715,2.092077627671152,0.125,0.141152
1659103380.3907433,-0.9373482338424151,-0.4879794865304391,5.088124451843524,-8734.0,1.8697990028911378,0.24930877389446093,2.0951564566518366,0.125,0.141152
1659103380.4407501,-0.882291553123905,-0.5650829383673999,5.193674460232552,-8720.0,1.872334123090687,0.25426628415366037,2.1011582133589246,0.124,0.141152
1659103380.4907517,-0.8191311781347939,-0.6358954543166372,5.299708888256566,-8720.0,1.8748485390657967,0.2590764165619292,2.1086678467649014,0.124,0.141152
1659103380.5407567,-0.7485677414914341,-0.6996382987100722,5.406200709267992,-8712.0,1.8777657249966304,0.26319149898224903,2.116754650918636,0.124,0.141152
1659103380.5907578,-0.6711698767149816,-0.7555741950657472,5.512518833062117,-8712.0,1.8824276917292029,0.26801868849556676,2.120443238675826,0.124,0.141152
1659103380.640729,-0.5878607319657232,-0.8030144891038156,5.619064015444332,-8734.0,1.8884211861377669,0.2726408449571384,2.1249550673667272,0.125,0.141152
1659103380.69073,-0.4996116656536813,-0.8414959382719502,5.725127537825476,-8724.0,1.8947076962965184,0.2761581977624837,2.1235145505023696,0.124,0.141152
1659103380.7407317,-0.40727828826610823,-0.8705302675631806,-0.4523053465069748,-8724.0,1.9024188743088217,0.27947925150595343,2.120221280643991,0.124,0.141152
1659103380.7908134,-0.31185380357450393,-0.8898233448660469,-0.34730724000562063,-8727.0,1.9102565108595204,0.2821097336915715,2.111081519691092,0.125,0.141152
1659103380.8408148,-0.2144282038334037,-0.8992978523741714,-0.24254638076474638,-8727.0,1.9205510960678762,0.28285179096475005,2.104937596842944,0.125,0.141152
1659103380.8907495,-0.1159753702186022,-0.8987929706343568,-0.13812196739120397,-8727.0,1.932479923115997,0.28232073785046763,2.099645364352123,0.125,0.141152
1659103380.9407508,-0.017700226003528607,-0.8882540904654179,-0.03422647868374724,-8749.0,1.9419742180493629,0.28061706312670953,2.091236087577394,0.125,0.141152
1659103380.9907792,0.0794651798907455,-0.8679791070394609,0.06948641836697086,-8766.0,1.9511134719860976,0.2763055622927173,2.0842315859444946,0.124,0.141152
1659103381.0491138,0.1756009190114652,-0.8367860456737837,0.17476042619127183,-8766.0,1.8603431997762447,0.26231156577145326,1.9763528195499727,0.124,0.141152
1659103381.0991251,0.2682939671453682,-0.7961963159857879,0.27988831303966594,-8766.0,1.9163625591225664,0.2645133563324745,2.0248665746818757,0.124,0.141152
1659103381.1491263,0.35666725702541663,-0.7466113632497128,0.3850522366645984,-8777.0,1.9526848184284356,0.26092206050809774,2.0551047626013617,0.125,0.141152
1659103381.1990252,0.43967766253395935,-0.6885464582304943,0.490859010336184,-8777.0,1.9769921946540885,0.2536500621907229,2.0803096784094395,0.125,0.141152
1659103381.2490258,0.516459757821075,-0.6226418345013307,0.5970076917410385,-8691.0,1.9901049140422642,0.24328771732919496,2.096761460035322,0.125,0.141152
1659103381.299163,0.5861111369799563,-0.5495858568438571,0.7036250069854805,-8691.0,1.9946999831109138,0.23131285592714604,2.108239630060732,0.125,0.141152
1659103381.349164,0.6478590584062724,-0.4699923358757805,0.8106582690540401,-8698.0,1.9985085934699052,0.2199264513716887,2.1207367189354946,0.125,0.141152
1659103381.3991237,0.7009915959502158,-0.3848342584322833,0.9184661736160102,-8698.0,1.9991376641727283,0.20821726093548215,2.1350765509824834,0.125,0.141152
1659103381.4491248,0.7449651739578568,-0.2950156846658768,1.0266990858608502,-8681.0,1.9964512215868715,0.1963292348637565,2.146472108250511,0.125,0.141152
1659103381.4991605,0.7791333010378733,-0.2014686250148549,1.135194010779933,-8681.0,1.9913217912532266,0.1860874544221548,2.1549139821533356,0.125,0.141152
1659103381.5491617,0.8020496197364677,-0.10650300402872141,1.2420108197385515,-8687.0,1.9736491800417226,0.18354398928981128,2.147726506392971,0.124,0.141152
1659103381.5991724,0.8148129687032212,-0.010022380655184918,1.3491724748905372,-8666.0,1.9599375615370547,0.18028374939356198,2.1458160085669657,0.125,0.141152
1659103381.6491754,0.8172033517998697,0.08681399479473115,1.456249803169466,-8654.0,1.9481471238430739,0.17780332616369038,2.144118126756284,0.125,0.141152
1659103381.6991088,0.8093270866685938,0.18298172420524833,1.5633926062037946,-8654.0,1.9390988281605648,0.17556006741134217,2.144733428247681,0.125,0.141152
1659103381.7491102,0.7912829261178428,0.2775013333300861,1.6710219001721225,-8659.0,1.9305567699273878,0.1733832992952519,2.147740478609983,0.125,0.141152
1659103381.7991188,0.7633400465058438,0.36915954395275863,1.7788427290002033,-8659.0,1.9221383204533513,0.17136004526375465,2.1509462997154842,0.125,0.141152
1659103381.8491197,0.7258218264963254,0.4568733411436325,1.8866640196804148,-8659.0,1.9138067981229088,0.17017466183533947,2.153045600041952,0.125,0.141152
1659103381.8991885,0.6791423388937694,0.5398287504641818,1.99421139786947,-8684.0,1.9060005134848448,0.16980788033670113,2.151094626277734,0.124,0.141152
1659103381.949191,0.6239801114121732,0.6169338770429986,2.101592417838819,-8684.0,1.899171657983003,0.17018718719334658,2.149711353323305,0.124,0.141152
1659103381.9991922,0.5610264085459701,0.6874342986261046,2.2087621667451423,-8680.0,1.8927334248841012,0.17076057214057772,2.14725512678337,0.125,0.141152
1659103382.0491378,0.4909367587915473,0.750473384318483,2.316143472832363,-8680.0,1.8875372571830045,0.17247577305408868,2.148301012165878,0.125,0.141152
1659103382.0991392,0.41458346956036174,0.8053623314405041,2.423323653954731,-8671.0,1.8816095045531396,0.1747470052725185,2.146465557007641,0.125,0.141152
1659103382.1557753,0.3312977428750238,0.8515677077910476,2.532473317744654,-8670.0,1.8010519883502218,0.17378714619332716,2.0618616175332503,0.125,0.141152
1659103382.2057772,0.24353272249983188,0.8883231278704624,2.6412327143070518,-8699.0,1.8364198510331526,0.18277958546639905,2.105559574037128,0.124,0.141152
1659103382.255793,0.15233983240168195,0.9152001835845869,2.7491848621596993,-8699.0,1.8571679065772033,0.18970310720469924,2.125931899340746,0.124,0.141152
1659103382.305795,0.05877905113489146,0.9322358493856399,2.856852258657938,-8708.0,1.8704191846534823,0.19315091330590806,2.136480007420264,0.124,0.141152
1659103382.3557951,-0.03612274324885015,0.9391662726965283,2.963795011393042,-8708.0,1.8789865286237397,0.19551091335250026,2.1373933175042494,0.124,0.141152
1659103382.4057968,-0.13121264582369757,0.9359017300023573,3.0701932076676637,-8712.0,1.884098098274119,0.19754794314049098,2.1337281785199416,0.124,0.141152
1659103382.4556496,-0.22559762692891291,0.9226948514307477,3.1763291252594876,-8712.0,1.8907473321043549,0.19811020460015022,2.1318975579232333,0.124,0.141152
1659103382.5056515,-0.3181763867673732,0.8996566721627428,3.2822191759058406,-8673.0,1.8934721307211728,0.19756009265327135,2.126427737474347,0.124,0.141152
1659103382.5558352,-0.4079639974954884,0.8671112244044847,3.387140455464195,-8707.0,1.8933505846670375,0.19624253745070552,2.112657371735551,0.125,0.141152
1659103382.6058385,-0.49405562243209455,0.8254750747003733,3.4915353791746555,-8764.0,1.8970142485046617,0.1945750001581114,2.1030506556627477,0.125,0.141152
1659103382.655825,-0.5740021327415493,0.7752019821192233,3.5935717804537526,-8762.0,1.88968389191036,0.19907096438283298,2.0792170883096515,0.124,0.141152
1659103382.705827,-0.6485305464434286,0.7171316452757005,3.695618604835049,-8762.0,1.8853892095143383,0.20076323615419725,2.064412725430933,0.124,0.141152
1659103382.7557843,-0.7169208498264187,0.6518428122453697,3.7977477795503938,-8772.0,1.8840823085505551,0.20059644523507195,2.0566635516878735,0.125,0.141152
1659103382.8057868,-0.7783237369165333,0.579857960986879,3.899270415051216,-8772.0,1.883054234019076,0.20108725582798645,2.046509239728696,0.125,0.141152
1659103382.85584,-0.8320954136991843,0.5021051491928044,4.000767593080522,-8795.0,1.8810964297401804,0.20101707083570475,2.03928576623162,0.124,0.141152
1659103382.9058416,-0.8777049134865894,0.41936786741621723,4.102232975585923,-8795.0,1.8802028833533753,0.2008414014663209,2.0354101256506607,0.124,0.141152
1659103382.9558656,-0.9144326518596755,0.33251575875751954,4.203474935529175,-8806.0,1.8777745845879432,0.20235793156741239,2.030955762635363,0.124,0.141152
1659103383.0058672,-0.9419886341141247,0.24235514327147034,4.304191025821433,-8806.0,1.8762276500362287,0.205287772599377,2.0245120233378437,0.124,0.141152
1659103383.0558329,-0.9600283016128277,0.14991022371731028,4.405744724335493,-8806.0,1.8749235699823439,0.20876334587362613,2.0275833414407347,0.124,0.141152
1659103383.1058338,-0.9682747601918165,0.05612069537804021,4.507676872333623,-8792.0,1.8730688618752254,0.21303411901823927,2.03183665771265,0.125,0.141152
1659103383.1558437,-0.9665680202877909,-0.03794488837652188,4.609957140015968,-8792.0,1.8709539844883596,0.21814537165474365,2.0369922805214142,0.125,0.141152
1659103383.2058458,-0.9548370694620887,-0.13141915294596976,4.7124446977662355,-8792.0,1.870362034511569,0.22445805905818003,2.0418823539888002,0.125,0.141152
1659103383.2558658,-0.9332051350181068,-0.22306298355927287,4.815300376703644,-8775.0,1.8690177751046013,0.23121226459631794,2.0474425612738916,0.124,0.141152
1659103383.3058689,-0.9019312121152628,-0.31194210777012243,4.918676683414917,-8751.0,1.8685847523273482,0.2377301778031953,2.05514350983944,0.124,0.141152
1659103383.3558698,-0.8611968251827177,-0.3970882389102143,5.022505689010827,-8740.0,1.8692365542938894,0.24483408663196637,2.0634007227885665,0.124,0.141152
1659103383.4058397,-0.8114854784623666,-0.47752343960774546,5.126854338132098,-8719.0,1.8710751533040797,0.251604242786501,2.0729814354423084,0.124,0.141152
1659103383.455841,-0.7533784325132558,-0.5524510349723766,5.231597391518978,-8710.0,1.8736142650932794,0.25693015814085274,2.081401763836017,0.124,0.141152
1659103383.505893,-0.687322884834346,-0.6207967328015023,5.336906111256502,-8710.0,1.8758514316016592,0.2628301972688332,2.090117603774985,0.124,0.141152
1659103383.5558944,-0.6140847421185799,-0.6819084201990433,5.442262377384554,-8710.0,1.8803446999535327,0.26816844534973766,2.096657878240818,0.124,0.141152
1659103383.6058912,-0.534459820165842,-0.7351038827874482,5.547844248445975,-8706.0,1.8859350270025914,0.27247619956890023,2.102489317503494,0.125,0.141152
1659103383.6558926,-0.44917300196992577,-0.7797323755794088,5.652998315444545,-8706.0,1.8929169451650665,0.2769432714662562,2.1026953178540913,0.125,0.141152
1659103383.705896,-0.35925014600393845,-0.8152189912433938,5.757868305831863,-8748.0,1.9001871767657095,0.281151412313933,2.100598688992542,0.125,0.141152
1659103383.7558978,-0.2655266083045316,-0.8414352234079319,-0.4207680915165085,-8748.0,1.9097870988758372,0.28342676488708096,2.096856425875348,0.125,0.141152
1659103383.8058386,-0.16905741512327505,-0.8579285210984604,-0.31642402378842294,-8765.0,1.9208807398252061,0.2848893071277216,2.0939615167198484,0.125,0.141152
1659103383.8558407,-0.07095631115452497,-0.8645478683708481,-0.21248135100015206,-8765.0,1.9304710035178065,0.2846779606758929,2.088098117289603,0.125,0.141152
1659103383.9058578,0.027822561442361962,-0.8612691023369698,-0.10871059376884733,-8779.0,1.9403723551660705,0.28265523908913165,2.0829300555552863,0.125,0.141152
1659103383.9558594,0.12618870788853287,-0.8480179346347929,-0.005029965645416645,-8779.0,1.9502231762139288,0.27966528011980213,2.079308774969204,0.125,0.141152
1659103384.0059135,0.2229847397173348,-0.8250735590353019,0.09864209288410916,-8746.0,1.9576892938990713,0.27428255591795825,2.076180322393713,0.125,0.141152
1659103384.0559149,0.3172785215749594,-0.7925933594211962,0.20215712118183507,-8746.0,1.9654671198042182,0.2678901866337119,2.0738894101823937,0.124,0.141152
1659103384.105914,0.4080494807285824,-0.7508012730880583,0.3054145856930634,-8746.0,1.9721415461730571,0.2614842695388635,2.0705290236523557,0.124,0.141152
1659103384.1559157,0.49427544095888437,-0.7002921798725937,0.4091980084170072,-8750.0,1.9767187904951389,0.2534383463674853,2.0724862039980723,0.125,0.141152
1659103384.2058854,0.5751071896920465,-0.6415660401690231,0.5135777671877617,-8750.0,1.9804237994614358,0.24396663385083614,2.078805181795825,0.125,0.141152
1659103384.2642205,0.6499866153806495,-0.5735081466269849,0.6202774863857494,-8750.0,1.8809512698393012,0.2282473073825657,1.9824452746798658,0.125,0.141152
1659103384.3142612,0.7175125251156531,-0.4984204635032567,0.7272433327587592,-8708.0,1.9290502860757388,0.22653148370308732,2.0423054988721763,0.125,0.141152
1659103384.3642633,0.7768739508533125,-0.41712764017239146,0.8349881066687198,-8708.0,1.9571980053936169,0.22060209105883372,2.0857156529545984,0.125,0.141152
1659103384.414244,0.8272658106059552,-0.3304886392768367,0.9428003589853707,-8698.0,1.9718148277965004,0.21364802323085388,2.113253077574925,0.124,0.141152
1659103384.4642456,0.8682383498421213,-0.23945285384217976,1.0507851586181054,-8698.0,1.9777338385104806,0.2058960039338704,2.131146963299313,0.124,0.141152
1659103384.5142467,0.8993479655951022,-0.14492811204584458,1.159025212848327,-8702.0,1.9791683193578278,0.19839193091391522,2.144113945010551,0.124,0.141152
1659103384.5642912,0.9202585939442613,-0.04806589933665531,1.2675492381682516,-8702.0,1.9763952814151742,0.1909907116791482,2.1535426541822282,0.124,0.141152
1659103384.614293,0.930758146070486,0.05001167958416819,1.3762987478432411,-8695.0,1.9720286587574771,0.18407877279363963,2.1617873926433715,0.125,0.141152
1659103384.664299,0.9306946588148565,0.14837834269386435,1.4851085864476514,-8691.0,1.9673002657390466,0.1784977027242257,2.1672482425183626,0.125,0.141152
1659103384.7143013,0.9201719026943902,0.24582506519022687,1.5938227119320074,-8691.0,1.9618486433543492,0.17348948054538732,2.1699233478132407,0.125,0.141152
1659103384.7642574,0.8989772148948367,0.3397680181061135,1.7005065660026122,-8684.0,1.945542665239996,0.1750232138558649,2.1566608040808486,0.125,0.141152
1659103384.8142586,0.8678696804578931,0.4305773041954567,1.8071648362214354,-8684.0,1.9323425220913109,0.17676791102462222,2.1475758055130334,0.125,0.141152
1659103384.8643029,0.827377443757217,0.5173142920255142,1.9138867035168872,-8695.0,1.9215534403005408,0.1775996705695876,2.141777027772373,0.124,0.141152
1659103384.9143047,0.77819695346961,0.5990557755875926,2.0211658797670102,-8680.0,1.9132010210711377,0.1761664621696335,2.1432150473700053,0.124,0.141152
1659103384.9642942,0.7206737564084653,0.6747386711500787,2.128384667857413,-8680.0,1.9056170844240115,0.17583418256903843,2.143837363374874,0.125,0.141152
1659103385.0142953,0.6555687792498839,0.7434802886210308,2.235518286599414,-8669.0,1.8977614533891576,0.1762112142935438,2.1433689064445858,0.124,0.141152
1659103385.0643039,0.5836161966651874,0.8046730131164266,2.3426693647698302,-8669.0,1.8910651873550057,0.1767430986291791,2.1430937386719195,0.124,0.141152
1659103385.1143053,0.5057066301494749,0.8575644817223657,2.45005067005701,-8678.0,1.8847778006565987,0.17757007210018336,2.1448197226416097,0.124,0.141152
1659103385.1643286,0.4227432089449639,0.9015149248211995,2.55697855631278,-8678.0,1.878280536676001,0.17951110946572768,2.1420187565518423,0.124,0.141152
1659103385.214329,0.3355786502526742,0.9362058143434094,2.6635874384900933,-8678.0,1.8739429648538573,0.18196755374719506,2.138214309158951,0.124,0.141152
1659103385.264305,0.24520333760669616,0.9610777213047857,2.769957615218812,-8744.0,1.870741921889621,0.1862201574740407,2.1344351665821866,0.125,0.141152
1659103385.3143067,0.15273955942124315,0.9760785803778702,2.875967821958764,-8744.0,1.8677996071809273,0.1899768970908767,2.128917318129339,0.125,0.141152
1659103385.3643084,0.05915373806531077,0.9810776508321795,2.9814809530922064,-8731.0,1.8662005834980755,0.19372713874509315,2.12169263696776,0.125,0.141152
1659103385.4143407,-0.03461422863081859,0.9759860362793045,3.0860606948594924,-8731.0,1.8659720610063901,0.1983204842474695,2.1095565278643713,0.125,0.141152
1659103385.464342,-0.1273766165227032,0.9611249839881953,3.190370762067149,-8758.0,1.8665545384839843,0.20143898123653348,2.1005222107956603,0.125,0.141152
1659103385.5143223,-0.2182188273645222,0.9366654036175415,3.2941429254969528,-8758.0,1.868202060453891,0.2037802489190801,2.0911628570468825,0.125,0.141152
1659103385.5643237,-0.30608089826579105,0.9028606955205701,3.3971089799172107,-8761.0,1.869288108224619,0.20618163651989027,2.0788541121650157,0.124,0.141152
1659103385.6143315,-0.3902178722902413,0.8601990382302525,3.499043571282563,-8761.0,1.871345067329383,0.20784776542258976,2.063233691736026,0.124,0.141152
1659103385.6643336,-0.4697404766417518,0.8092088705184353,3.600963547256049,-8761.0,1.873781226658409,0.20825059628932224,2.053617937150073,0.124,0.141152
1659103385.7143629,-0.543736309011815,0.7503613825102181,3.7026941629486316,-8772.0,1.8754778013018742,0.20849083267080193,2.04582479789681,0.125,0.141152
1659103385.7643642,-0.6115576759455962,0.6843709225637944,3.8041223006486278,-8772.0,1.8777012606983259,0.20761709987538599,2.039142253008247,0.125,0.141152
1659103385.814362,-0.6724314048444209,0.6118703363405908,3.9058545229307513,-8772.0,1.879508099253987,0.20632366007318523,2.037441129524969,0.125,0.141152
1659103385.864363,-0.7255676752672333,0.5336323612538593,4.0075974671427055,-8791.0,1.8798636311903543,0.20551863458567374,2.036430492472477,0.125,0.141152
1659103385.914375,-0.77036707606166,0.45053735486446067,4.109525381626826,-8791.0,1.8785682036189004,0.20501552623398023,2.0370610458102965,0.125,0.141152
1659103385.9643762,-0.8063197984896691,0.3632627448950856,4.211373806297866,-8798.0,1.8776905588131774,0.20605294715581535,2.0370073428673363,0.125,0.141152
1659103386.014337,-0.832927626722206,0.27291297448539975,4.3135445156055505,-8798.0,1.875995115247964,0.20816687669872289,2.0400973946896883,0.125,0.141152
1659103386.0643392,-0.8500245859732327,0.18034764938278197,4.415900451710517,-8824.0,1.873818619825691,0.21036209198675268,2.04277356609941,0.125,0.141152
1659103386.1142204,-0.8571683714944631,0.08654854241107772,4.51890531479755,-8824.0,1.873463458499161,0.21447728153088763,2.051351184515093,0.125,0.141152
1659103386.164222,-0.8542400630767375,-0.007487672105738627,4.622263324295054,-8795.0,1.8712624777675575,0.21953832704781318,2.0574255352115194,0.125,0.141152
1659103386.2143486,-0.8413688471518522,-0.10064967537821334,4.726317811126134,-8798.0,1.8676621999863547,0.22390821373299605,2.0645294529965663,0.124,0.141152
1659103386.2643502,-0.8183715030922774,-0.19185945311321903,4.8310819667169405,-8798.0,1.8669300724781015,0.23038449587073498,2.0763701384393674,0.124,0.141152
1659103386.3226662,-0.7842329497941972,-0.2811323762856023,4.937688228921831,-8772.0,1.7727809743499239,0.2297048218637613,1.980562290181706,0.124,0.141152
1659103386.3726678,-0.7406026653735792,-0.36636539494122733,5.0444712159797565,-8725.0,1.820306544169877,0.24493807294407702,2.0403829529720143,0.125,0.141152
1659103386.4226737,-0.6878267784251832,-0.44652958881267946,5.151177796177222,-8725.0,1.8509053433486644,0.2562866046057769,2.076460330720244,0.125,0.141152
1659103386.4726753,-0.6265689792878154,-0.5206405950464532,5.258284984560178,-8698.0,1.8709367236171355,0.26448791817711653,2.101778767464463,0.124,0.141152
1659103386.5227506,-0.5574580411119083,-0.588054415353007,5.365650164409305,-8698.0,1.8851940733397645,0.26960740019997903,2.1180995715461344,0.124,0.141152
1659103386.5810854,-0.47949118698375265,-0.6480466511049224,5.474903870433749,-8704.0,1.800942011967967,0.264390063673627,2.023473992059552,0.125,0.141152
1659103386.6310556,-0.39519179699870194,-0.6996163522584472,5.58391328375208,-8725.0,1.8605195354093917,0.2766042476259306,2.0844477950617972,0.124,0.141152
1659103386.6810577,-0.30539621130488726,-0.7422047954783034,5.692850754596781,-8725.0,1.9012239347111723,0.28256483377222225,2.120800642736814,0.124,0.141152
1659103386.7310922,-0.2110193692301939,-0.7753333228064802,5.801223596651134,-8725.0,1.9309537279677165,0.28451312776265425,2.138226776966274,0.124,0.141152
1659103386.781092,-0.11322150706167737,-0.798741899850014,-0.3743008436431481,-8750.0,1.9544010854220235,0.28253448274477017,2.1440159320716177,0.125,0.141152
1659103386.8310978,-0.014275505202949706,-0.8110920622563649,-0.2686802335193149,-8750.0,1.9616767969727422,0.28431446360705237,2.1317246347179,0.125,0.141152
1659103386.8810973,0.08590897283098348,-0.8133561840728565,-0.16334230613666662,-8755.0,1.9704463463944153,0.2830961303651594,2.122099510165464,0.125,0.141152
1659103386.9310346,0.186149752631404,-0.8056432075321078,-0.05759339387860733,-8755.0,1.9799656342418925,0.27794341398116956,2.120377159488082,0.125,0.141152
1659103386.9810367,0.2854883818596277,-0.7878856800146699,0.04800421714755089,-8769.0,1.9882527302192186,0.27078564507891767,2.1170920373959534,0.124,0.141152
1659103387.0310552,0.3827473855643656,-0.7602062318135212,0.15341101538529828,-8769.0,1.9951721480617057,0.262669335417564,2.1133344947758905,0.124,0.141152
1659103387.0810575,0.4753459541068764,-0.7227747864478438,0.2572670077579519,-8763.0,1.9898611656426157,0.2588480185318472,2.0993229130361457,0.125,0.141152
1659103387.131059,0.5637782348553898,-0.6762565797307475,0.36173614550359506,-8762.0,1.9873623207104898,0.2532060718862083,2.095465011837985,0.125,0.141152
1659103387.181106,0.6470327201494912,-0.6211509284367871,0.4663809415513812,-8744.0,1.9848936541863877,0.24636155149250377,2.093712694677568,0.125,0.141152
1659103387.2311075,0.7242708485683089,-0.5580692791446349,0.5713172902352066,-8744.0,1.983622451989463,0.23848542707173928,2.095625155611827,0.125,0.141152
1659103387.2811165,0.7945928951006099,-0.4875639257758918,0.676800004340567,-8725.0,1.9819275313820117,0.23073389629493782,2.100891866480566,0.125,0.141152
1659103387.331118,0.8571837775150529,-0.4104732640307519,0.7825810631155703,-8725.0,1.979156321689677,0.2229706587174637,2.106548988898208,0.125,0.141152
1659103387.3811224,0.9113510809352527,-0.3276354189282432,0.8886022530023052,-8720.0,1.9751756144915011,0.21552705084606133,2.111833414001916,0.125,0.141152
1659103387.4311244,0.9564922160032939,-0.23982906077589425,0.9946605997582108,-8720.0,1.9710202960658654,0.20939057179578416,2.11540059162696,0.125,0.141152
1659103387.4811058,0.9921749890929888,-0.14815120572668716,1.1010586590186409,-8720.0,1.9662768329412434,0.20332790352550323,2.120553639355087,0.125,0.141152
1659103387.5311084,1.018071192581545,-0.05356088182902957,1.2077342340156687,-8704.0,1.9608916500334788,0.19729019581054125,2.125511288873017,0.124,0.141152
1659103387.5811434,1.0337109725994063,0.04284805379026414,1.3146430903401458,-8704.0,1.9540478806573498,0.19285877582207772,2.1298215161774623,0.124,0.141152
1659103387.631145,1.0391294925617025,0.14003578011714404,1.4214589414418854,-8707.0,1.9479253834649066,0.18867926191732276,2.1323012057807897,0.125,0.141152
1659103387.6811717,1.034339471865656,0.2368793699449813,1.5286470816798607,-8666.0,1.9410416746599801,0.18426302225899682,2.1362831323395377,0.125,0.141152
1659103387.7311735,1.0193059911522333,0.33225189274737116,1.635873509639897,-8666.0,1.934039125246408,0.18106790424960098,2.139434014834686,0.125,0.141152
1659103387.781154,0.9943211375786192,0.42514547354136145,1.7427826567141644,-8661.0,1.9273605643870233,0.17850950577601052,2.1392747810469994,0.124,0.141152
1659103387.8311536,0.959660683786044,0.5145631077902975,1.8499798138269667,-8661.0,1.9207188285196424,0.17659643515544987,2.1410808932378242,0.124,0.141152
1659103387.881157,0.915864818133467,0.5994225941531599,1.9578313435656551,-8667.0,1.9135487971358072,0.17425237321923,2.1471806305085557,0.125,0.141152
1659103387.9311657,0.8634599090064997,0.67873657740215,2.065675024690717,-8667.0,1.9057753592523514,0.17221044822809628,2.150774842746291,0.125,0.141152
1659103387.9811676,0.8029024583357731,0.7516723987800558,2.173291189448552,-8697.0,1.8989779996363305,0.1718338436690862,2.151341454892573,0.125,0.141152
1659103388.0311654,0.7349737769101189,0.8173062570787508,2.281021906614912,-8701.0,1.892106574929271,0.17275707777218136,2.152640837168588,0.125,0.141152
1659103388.0811665,0.6605510416670862,0.8750004105588444,2.3884839395941273,-8701.0,1.8855194658564725,0.174058938832037,2.151309830847799,0.125,0.141152
1659103388.131199,0.5804371550711785,0.9240499166159459,2.495974247850471,-8698.0,1.8790787588467666,0.1765125300168839,2.150192792230208,0.125,0.141152
1659103388.181201,0.4955025585111332,0.9639804725800417,2.6028901010436436,-8698.0,1.8747042517858437,0.18015490547695956,2.1455756887268467,0.125,0.141152
1659103388.2311783,0.40688505586496904,0.9945015907849672,2.7095664746890415,-8698.0,1.8713236197429537,0.1831252282387185,2.1413005384159556,0.125,0.141152
1659103388.2811794,0.3154661482378476,1.0151548074012962,2.8160123748732273,-8692.0,1.8686536789214478,0.187110785544956,2.136503693511204,0.125,0.141152
1659103388.331168,0.22239333197606656,1.0257385659131244,2.9217169128128195,-8744.0,1.8665636650757353,0.191878297418002,2.128042759049249,0.125,0.141152
1659103388.3811698,0.1285645257489313,1.0263448267846527,3.0265956078759078,-8737.0,1.866154571697523,0.19627504890751418,2.116255651995304,0.124,0.141152
1659103388.4311748,0.03507250804020293,1.0170132004757952,3.1312432127139274,-8739.0,1.866721375672492,0.2000096919242139,2.1071834275520667,0.125,0.141152
1659103388.4811761,-0.05693583304355795,0.9978354974466391,3.235461995434787,-8739.0,1.8672012352365939,0.2036246330744487,2.0983603590363344,0.125,0.141152
1659103388.5311632,-0.14658497597741363,0.969204333924346,3.3388791240665467,-8732.0,1.868638366810108,0.20613439236509187,2.0869837310105868,0.125,0.141152
1659103388.5811648,-0.23290024542186694,0.9314139026240615,3.4418819453863123,-8732.0,1.8701515106220985,0.20814495167624053,2.076567530066805,0.125,0.141152
1659103388.6311934,-0.3149893552733031,0.8849614050725364,3.5440107840791297,-8743.0,1.8714120179349685,0.20952387193290642,2.0630015476956154,0.125,0.141152
1659103388.6811934,-0.39198065650547653,0.8304020984401296,3.6456302761798667,-8743.0,1.8729274068750006,0.21040372119773484,2.0511901706576783,0.125,0.141152
1659103388.7311978,-0.46318935196886757,0.7681588971005529,3.7468916197962683,-8768.0,1.8753913609355286,0.2115236800556083,2.041101675339764,0.124,0.141152
1659103388.7811995,-0.527817411249863,0.6990513438182402,3.848341911903345,-8768.0,1.877332719510988,0.2116082516109851,2.0364088760106136,0.124,0.141152
1659103388.831201,-0.5852893992739598,0.6238156296516935,3.9499571864749803,-8779.0,1.879127276235206,0.210233385049201,2.0348000779115982,0.124,0.141152
1659103388.8811913,-0.6348111387850963,0.5431480411116495,4.05138816469575,-8779.0,1.8802162863801484,0.20962687354110104,2.0325690192302157,0.124,0.141152
1659103388.9311926,-0.6758501248601599,0.45788517310194043,4.152369991590601,-8836.0,1.880410215715326,0.20993648750792818,2.027557215934925,0.125,0.141152
1659103388.981224,-0.7080129623297009,0.3690202355617854,4.253497382289517,-8836.0,1.8791639203346584,0.21012402739004662,2.0251340643910227,0.125,0.141152
1659103389.0312264,-0.7307826505307901,0.27737251951824926,4.354724691878109,-8823.0,1.8780586315930372,0.21204751490049964,2.0248707179474534,0.125,0.141152
1659103389.0812469,-0.7439795675785759,0.1839331122525433,4.45590480469045,-8823.0,1.876432973812678,0.21460787303034606,2.0240619230382433,0.125,0.141152
1659103389.1312485,-0.7474361009062547,0.08959881208741664,4.557484262500116,-8815.0,1.8757644164703204,0.21776087096928784,2.0269410350753803,0.125,0.141152
1659103389.1812506,-0.7410577207118481,-0.004561861939388331,4.659514345824072,-8815.0,1.8749913761637211,0.22129032900009513,2.0321792172150337,0.125,0.141152
1659103389.2312522,-0.7247591747707387,-0.09740697324598085,4.761965021763411,-8749.0,1.8733408022708058,0.22601814146784274,2.038649425505342,0.124,0.141152
1659103389.281241,-0.6986679493526291,-0.18811391795116789,4.864741548775015,-8749.0,1.873109326017964,0.2316114569063422,2.045341889497637,0.124,0.141152
1659103389.3312426,-0.6629623123925125,-0.2755510394826125,4.967900347368806,-8727.0,1.872832671197049,0.2382991282051876,2.052197705561004,0.124,0.141152
1659103389.3812628,-0.6180532132685558,-0.3587890951161886,5.071141040695412,-8727.0,1.8730418874299857,0.24527928535424587,2.0567438564012,0.124,0.141152
1659103389.4312625,-0.5643610503096562,-0.43685622184162387,5.174761529442103,-8742.0,1.8743451613587998,0.25274045037439086,2.062793433089675,0.125,0.141152
1659103389.4811141,-0.5024158573053492,-0.5089106873591529,5.278612530713763,-8742.0,1.8789920545334078,0.26067061133252467,2.0706679501868015,0.125,0.141152
1659103389.5311158,-0.4330262741958667,-0.5741787240443716,5.3829333544000075,-8723.0,1.8813329813943946,0.2666379737296561,2.0767187218383873,0.125,0.141152
1659103389.5812373,-0.3567362939676768,-0.6318657462585036,5.487550658498641,-8727.0,1.8836511690837363,0.27248148737280187,2.080790948752411,0.125,0.141152
1659103389.6312375,-0.2743453016096846,-0.68129887340541,5.592436947723236,-8757.0,1.8899492095766095,0.2783991515114448,2.087322498326288,0.125,0.141152
1659103389.6812494,-0.18669679156542074,-0.722056073333148,5.697321407322794,-8757.0,1.8980299427904186,0.28286635031969404,2.0911305230711044,0.125,0.141152
1659103389.731251,-0.09473614655601456,-0.7536785287904693,5.8019625965751995,-8763.0,1.907668212831618,0.2858787828459631,2.091757717173576,0.124,0.141152
1659103389.7812111,0.0005128116312602959,-0.775672739624721,-0.37695904087033366,-8763.0,1.9180946577719844,0.2884131614969928,2.089897645987667,0.124,0.141152
1659103389.831213,0.09808733188862696,-0.7879954554368178,-0.2730330575772245,-8777.0,1.9287031561268384,0.2885972416834235,2.0854774006642876,0.124,0.141152
1659103389.8811607,0.19685732655072113,-0.7904087015451402,-0.1688331017260849,-8791.0,1.93980292532165,0.2870739516692703,2.085748376687916,0.124,0.141152
1659103389.9394956,0.29715260530248766,-0.7819158293811354,-0.06290339458798236,-8785.0,1.8498753831208257,0.2740721540143401,1.9816187594093835,0.125,0.141152
1659103389.9895356,0.3964097239400732,-0.7634645959742816,0.04287576247593964,-8785.0,1.9068535232621502,0.27766005404007776,2.0326588770590477,0.125,0.141152
1659103390.0395336,0.4936177505350917,-0.735081314476394,0.14860801638214904,-8780.0,1.9454430651333139,0.27607951373274653,2.0643267616495553,0.124,0.141152
1659103390.0895674,0.5876312385922802,-0.6971266126568547,0.2544299601848693,-8780.0,1.970137009627815,0.27034863927021474,2.0838834175375545,0.124,0.141152
1659103390.1395712,0.6774611058556606,-0.6499700402131022,0.3604585994046504,-8756.0,1.9869208979505975,0.26204777268490326,2.097979083215314,0.125,0.141152
1659103390.197893,0.7628301956336416,-0.5924742572671424,0.4687068538069247,-8730.0,1.8959770175475952,0.24516275551149752,2.0046275819247583,0.125,0.141152
1659103390.2478943,0.8418442236399063,-0.5267571770907205,0.5772806162272954,-8725.0,1.9521058663198636,0.2427507646497405,2.068985842133354,0.124,0.141152
1659103390.2979064,0.9137244573705624,-0.45352063464164505,0.6863214932163978,-8725.0,1.985946398035078,0.23475600847478573,2.111934495813542,0.124,0.141152
1659103390.347908,0.9774961664966011,-0.3734830334872066,0.7958584830628038,-8715.0,2.0052604343941836,0.22471783795611658,2.1423156523143523,0.125,0.141152
1659103390.3979855,1.0325964283780542,-0.2875299208286368,0.9055349742950005,-8715.0,2.014639732712497,0.21279057323111333,2.1607687670397357,0.125,0.141152
1659103390.447987,1.0769417205455563,-0.19760994320224992,1.0140482314235,-8704.0,2.0072168653841644,0.20683449302543497,2.1644059761206016,0.124,0.141152
1659103390.4979885,1.1114309548983665,-0.10386773102603988,1.1226706370679849,-8687.0,2.000008668679467,0.2005877817990938,2.167486008438099,0.125,0.141152
1659103390.5479598,1.1358523853274058,-0.007405378118493913,1.23125045284513,-8687.0,1.9934110768042173,0.1934597234375606,2.1695526058244603,0.125,0.141152
1659103390.5979607,1.1499253278102353,0.09078446392743161,1.3403602340632197,-8687.0,1.9867457517727547,0.18614882405131886,2.1744159042547127,0.125,0.141152
1659103390.6479876,1.1535296311203158,0.1895254751983853,1.4495138240139738,-8680.0,1.9795033099148245,0.1788670995149616,2.1773031006274923,0.125,0.141152
1659103390.6979895,1.1459838158298106,0.28612591967804546,1.5569524439082243,-8680.0,1.960271368605115,0.17839394170896902,2.166263133817822,0.125,0.141152
1659103390.747931,1.1282430917017205,0.38105294625947034,1.6644968694046185,-8692.0,1.9469164382783999,0.1774044110721448,2.1613020665257423,0.125,0.141152
1659103390.7979324,1.1005400947365878,0.4732168064079797,1.7719626810403486,-8684.0,1.9352803767112197,0.17631169650337244,2.1566541617987562,0.125,0.141152
1659103390.8480103,1.0633823003217422,0.5615886671400427,1.8792275631717064,-8684.0,1.9242358656491594,0.17437372945839424,2.1509840622083343,0.125,0.141152
1659103390.8980117,1.0170521832836819,0.6450991812138768,1.9864693917335263,-8674.0,1.9156934830559746,0.17394086295761862,2.1485890439816506,0.125,0.141152
1659103390.948014,0.9621873078793481,0.7229182631264282,2.093510523036669,-8674.0,1.9081997882966766,0.17387343827965193,2.1455536189650846,0.125,0.141152
1659103390.9980156,0.8996146543746638,0.7941722334723487,2.2011298808126267,-8674.0,1.9007087057439604,0.1727626888040537,2.1481635432599484,0.125,0.141152
1659103391.048032,0.8298577278092043,0.8579451001882589,2.3087789452606557,-8677.0,1.8933528396945767,0.17323279615640091,2.1497501083141906,0.125,0.141152
1659103391.0980337,0.7537645765510431,0.9135404059540327,2.4157029325897983,-8702.0,1.886749107620618,0.1753053372473835,2.1453744636141776,0.125,0.141152
1659103391.1479044,0.6722213523160214,0.9604537724033395,2.522504275870796,-8704.0,1.8831851128293609,0.17816618486897973,2.1439040013962267,0.125,0.141152
1659103391.1979063,0.5861780065825419,0.9981979106069488,2.629236040620004,-8704.0,1.878055635076378,0.18106116442033118,2.1402968552329726,0.125,0.141152
1659103391.2480175,0.49667199812848023,1.0263093157656935,2.7354500318098056,-8710.0,1.8720415437320634,0.1846281163026489,2.1322958837143666,0.124,0.141152
1659103391.3063521,0.4031147771286495,1.044010239594183,2.8428721307237046,-8710.0,1.7755883270718194,0.1836123927560575,2.020079684425591,0.124,0.141152
1659103391.3563955,0.3081947359083469,1.0515118956397989,2.9500481524977875,-8710.0,1.8199698900601948,0.195312613072065,2.066995310549141,0.124,0.141152
1659103391.406397,0.21297937226104485,1.0488859848779044,3.0565813309736627,-8745.0,1.8481151137314469,0.2025290539029173,2.0915362951197802,0.125,0.141152
1659103391.4564075,0.11845180607592795,1.036159861209269,3.162524784694093,-8745.0,1.866233063901576,0.20728389678812417,2.1019124568328613,0.125,0.141152
1659103391.5064094,0.02560179989457209,1.0134998411872038,3.2676412128898127,-8737.0,1.8789427661943474,0.21070273982647036,2.1020428488879546,0.125,0.141152
1659103391.556389,-0.064505063610237,0.9814140797609555,3.372341913015435,-8737.0,1.887804972825234,0.21144709042468374,2.0992731639308793,0.125,0.141152
1659103391.6063905,-0.1509289231520689,0.9402047888227392,3.4767147702141514,-8754.0,1.8937962135484998,0.21083519600364073,2.0946914453296657,0.125,0.141152
1659103391.656392,-0.23273831085081573,0.8903301547387136,3.58038699607895,-8754.0,1.8980824076724334,0.20968575904903689,2.086466961209812,0.125,0.141152
1659103391.7063036,-0.30924297041622506,0.8323916201960205,3.683281300821818,-8796.0,1.9034030702589781,0.2076272137120643,2.076846496807974,0.124,0.141152
1659103391.7563055,-0.3796324674765455,0.7669892046122622,3.7858670891767296,-8796.0,1.9063905673917823,0.20479187788212727,2.067119868927555,0.124,0.141152
1659103391.8064132,-0.44151386981947577,0.6953398684663212,3.8864330811599594,-8799.0,1.8951312990798648,0.2083963934496926,2.0439199248761946,0.125,0.141152
1659103391.8564143,-0.4960620965320831,0.6178628266202473,3.986593778095119,-8799.0,1.8904796078601718,0.2099651063545758,2.028195032822887,0.125,0.141152
1659103391.9064045,-0.5425546772082398,0.5353335012946245,4.087028780392101,-8807.0,1.887559486134028,0.21090393647146108,2.0208248140220335,0.125,0.141152
1659103391.956406,-0.58044338646376,0.4486021583929851,4.187502218815039,-8807.0,1.884944889088515,0.2118969925042688,2.0164177206469227,0.125,0.141152
1659103392.0064058,-0.6094084347501654,0.35860326373349743,4.287663650095191,-5838.0,1.882564879159086,0.21266520995462224,2.011332873622616,0.0,0.141152
1659103392.056408,-0.6290139548996992,0.2660883136216996,4.387476757022069,-5529.0,1.8810279680777429,0.21513235021481023,2.0054852143488433,0.0,0.141152
1659103392.106369,-0.6390716383351365,0.17215409650282926,4.487508649246436,-5529.0,1.8797426450850265,0.21817288273000757,2.004215987355304,0.0,0.141152
1659103392.1563714,-0.6398556509940689,0.07832655173008889,4.587621277323648,-5529.0,1.873601644699235,0.2180897387199007,2.003422258800594,0.0,0.141152
1659103392.2064183,-0.6314612226397109,-0.013788947006367971,4.687451550010757,-5198.0,1.8590259902160229,0.21634712193599362,2.0000695563960544,0.0,0.141152
1659103392.2564206,-0.6144731538725952,-0.1025539660016227,4.7861771943833284,-5198.0,1.8344875167880421,0.2131068217458879,1.9901724140161852,0.0,0.141152
1659103392.3064675,-0.5903133378950697,-0.18618375209614924,4.882156069693396,-406.0,1.7936156220838995,0.2055329195667855,1.962237550243857,0.0,0.4651
1659103392.3564692,-0.5608287109680509,-0.2627517086538934,4.973048850108043,-406.0,1.7310800535471083,0.1937928784788822,1.9065022120900064,0.0,0.4651
1659103392.4064672,-0.5279780243469615,-0.3311583300594845,5.057964523439546,-272.0,1.6457195338423658,0.17872308843199175,1.8261941403144848,0.0,0.4651
1659103392.4564683,-0.493504477198725,-0.39094945260363057,5.135602112935035,-272.0,1.5406585433475986,0.1628254544730878,1.720667351592437,0.0,0.4651
1659103392.5063474,-0.4589891378346801,-0.44187407791496736,5.205445889553253,-192.0,1.4195824301091862,0.14873761079428607,1.5970327196462555,0.0,0.4651
1659103392.5563521,-0.425983257447957,-0.4837663538360265,5.26637158597917,-192.0,1.2807176968926641,0.13788173839065415,1.4509294579341145,0.0,0.4651
1659103392.606408,-0.395777019842239,-0.5169020044010406,5.317185919883981,158.0,1.1290517375021825,0.1309870964162391,1.2827754761703896,0.0,0.4651
1659103392.6564085,-0.3691951607095252,-0.5421115550954704,5.357860235815562,189.0,0.9722025987574341,0.1272764421849781,1.1016883882341577,0.0,0.4651
1659103392.7064052,-0.3471366879912806,-0.5603264401928612,5.388830300707779,187.0,0.8132623254247288,0.12291589098503847,0.9156046726038303,0.0,0.4651
1659103392.756469,-0.33016192977769737,-0.5725406973640326,5.410988838735151,189.0,0.655683005745798,0.11512444099669325,0.733088722723218,0.0,0.4651
1659103392.8064718,-0.3180626300021242,-0.5801251005275416,5.426038655865019,189.0,0.5080407516690607,0.10297430582746875,0.5663508978088999,0.0,0.4651
1659103392.8564408,-0.3098295594598516,-0.5847829698666562,5.436104560736793,189.0,0.3810558355644987,0.08706366604197095,0.42554411571615147,0.0,0.4651
1659103392.9064424,-0.3045627103450121,-0.5875644258642827,5.441786872646761,193.0,0.2771083793241942,0.06946774043937162,0.30519080173067453,0.0,0.4651
1659103392.9564135,-0.3015273330243185,-0.5890024787470746,5.444522178958369,196.0,0.19410742545440074,0.05267197614815412,0.20854860069812858,0.0,0.4651
1659103393.0064151,-0.30002902344868476,-0.5894877381405952,5.445066506215291,196.0,0.1297249583256601,0.03843822432689368,0.13227669703098985,0.0,0.4651
1659103393.056466,-0.2995818885522932,-0.5893770701418842,5.444768811647529,196.0,0.08133856193580126,0.026739855151407574,0.07894006256105349,0.0,0.4651
1659103393.1064668,-0.2997808974772439,-0.5888339502638358,5.444478050325679,200.0,0.04580842771875134,0.018081100267319045,0.04623560771012649,0.0,0.4651
1659103393.156476,-0.30037349241418687,-0.588010487013444,5.444342244665295,200.0,0.020350066221862393,0.011949255404108811,0.027346823297611723,0.0,0.4651
1659103393.2064779,-0.3011401066663847,-0.5871049366120815,5.444208705011503,190.0,0.003345392537855551,0.007606809719646461,0.0157639776519106,0.0,0.4651
1659103393.2564592,-0.30185391377116416,-0.5863048453890578,5.444166909718175,190.0,-0.0062233136509441435,0.004698996634691326,0.009358467830317078,0.0,0.4651
1659103393.3064604,-0.3023531765437489,-0.585711422579545,5.444097786835526,190.0,-0.009803578146299426,0.0030788998127866587,0.005213884009562235,0.0,0.4651
1659103393.356471,-0.3026509577942377,-0.5853411707847824,5.444044159417684,190.0,-0.009681343543847698,0.002089881704329284,0.002788229604023406,0.0,0.4651
1659103393.4064727,-0.3027917367944095,-0.5851588130397439,5.444021964690276,190.0,-0.007718559097144897,0.0014152619981944474,0.0015410568814662148,0.0,0.4651
1659103393.4564924,-0.30280578805417163,-0.5851014871681985,5.443983408298542,194.0,-0.005141686088797697,0.0010839325781268768,0.0006489726514144612,0.0,0.4651
1659103393.506492,-0.3027562500304125,-0.5851377413895151,5.444012941581058,194.0,-0.002694064148156993,0.0007632255497949754,0.0006264761464294035,0.0,0.4651
1659103393.5564985,-0.3026878410440411,-0.585202780343085,5.4440510683493795,190.0,-0.0009284139888284632,0.0005261895099775488,0.0006789382563643316,0.0,0.4651
1659103393.606501,-0.30264601434047755,-0.5852478829367765,5.444090689052636,189.0,-9.55411545830498e-05,0.0003307577903642631,0.0007227093692959218,0.0,0.4651
1659103393.6565025,-0.30263871276374166,-0.5852495527596855,5.444100679483627,203.0,-1.1438604516521688e-05,0.00023644289367669887,0.0005209357627020875,0.0,0.4651
1659103393.7063985,-0.3026577012454036,-0.585223491342101,5.444088996145821,203.0,-0.00025509619941122035,0.00017060641570391802,0.00022956970145750666,0.0,0.4651
1659103393.7564,-0.30268260988021095,-0.5851826706026154,5.44405124930759,205.0,-0.0005194831021870106,0.00017221467310301214,-0.0001503119154464111,0.0,0.4651
1659103393.806532,-0.3027004501364089,-0.5851605089099168,5.4440364099158955,208.0,-0.000537697097682893,0.00011755162983229377,-0.00020653143177930012,0.0,0.4651
1659103393.8565333,-0.30270651658886205,-0.5851470196307096,5.444022451105728,191.0,-0.0004389517330245246,0.00010690426540456247,-0.00023455985750084137,0.0,0.4651
1659103393.9065256,-0.30270684257794445,-0.5851503380337115,5.444031422458385,189.0,-0.00025219633336507176,4.6668849148499015e-05,-7.48042844722558e-05,0.0,0.4651
1659103393.9565272,-0.3027061623359052,-0.5851507313112244,5.4440327049242985,194.0,-0.00014911601790962406,3.05391632642675e-05,-3.604261938430363e-05,0.0,0.4651
1659103394.0065238,-0.3027075081581142,-0.5851476099477703,5.444024938941518,194.0,-0.00011644132879625818,2.7120802576895396e-05,-8.207205349147919e-05,0.0,0.4651
1659103394.056525,-0.30271369296063566,-0.5851360537214321,5.444019453351606,195.0,-0.00016975642629711056,4.0721853306845124e-05,-9.27364202885392e-05,0.0,0.4651
1659103394.106557,-0.30272021625932694,-0.585129739456147,5.444011179107281,195.0,-0.0001741002816589102,2.0107156095235732e-05,-0.00012076712345297552,0.0,0.4651
1659103394.156559,-0.3027223209850306,-0.5851271563678424,5.44400438780254,189.0,-0.00013260403887416138,1.3579844761998153e-05,-0.00012657572271514055,0.0,0.4651
1659103394.2065918,-0.3027243655660734,-0.5851251198880937,5.444007889807731,189.0,-0.00010365743164155818,7.0993565440855944e-06,-5.0725410025338294e-05,0.0,0.4651
1659103394.2565932,-0.3027258424015588,-0.5851204082899497,5.44400321937682,194.0,-9.832874212529341e-05,2.017070212541857e-05,-6.719456333781685e-05,0.0,0.4651
1659103394.3065908,-0.3027286844059911,-0.5851132922627162,5.443999054322151,194.0,-0.00011590587562272558,3.2756628998758355e-05,-7.341114620441668e-05,0.0,0.4651
1659103394.356593,-0.3027292814207684,-0.5851094049620242,5.443999087170862,195.0,-9.658117556250562e-05,3.672972054028138e-05,-4.4830524904939666e-05,0.0,0.4651
1659103394.4065566,-0.3027299912314099,-0.5851036943262149,5.443991745866108,195.0,-9.57930796336725e-05,4.7941491612370774e-05,-8.422865670514756e-05,0.0,0.4651
