0,-1.324906389,-1.143374483,0.567239667,194,-0.000113979,-0.000285262,-0.002518869,0,0.46146,0.000217184
0.025000811,-1.324857275,-1.143385927,0.566687698,194,0.000250741,0.000127371,-0.007194627,0,0.46146,0.000217184
0.050001383,-1.32484146,-1.143404047,0.567061005,194,0.000225287,0.000324298,-0.001905114,0,0.46146,0.000217184
0.075075388,-1.324878295,-1.143407226,0.56727718,198,-0.000141041,8.36E-05,0.000611345,0,0.46146,0.000217184
0.100076914,-1.324877938,-1.143405477,0.567268276,200,-9.55E-05,5.14E-05,0.000380059,0,0.46146,0.000217184
0.125077486,-1.324869116,-1.143372695,0.566670807,200,0.000166808,-0.000180099,-0.005423833,0,0.46146,0.000217184
0.150078058,-1.324855645,-1.143378814,0.566949607,196,0.00020416,-1.85E-05,-0.001461319,0,0.46146,0.000217184
0.175077438,-1.324908853,-1.143368602,0.567485113,193,-0.000221198,-0.000369916,0.004008806,0,0.46146,0.000217184
0.200079203,-1.324887673,-1.143405398,0.567736883,192,-0.000186766,0.000124044,0.0054578,0,0.46146,0.000217184
0.225081921,-1.324843208,-1.143419862,0.567355888,185,0.000142094,0.00043949,0.00051029,0,0.46146,0.000217184
0.250082016,-1.324800134,-1.143446445,0.567281572,184,0.000318905,0.000770134,-0.000322327,0,0.46146,0.000217184
0.275081873,-1.324875514,-1.143396854,0.567608863,182,-0.000110168,-0.000201338,0.002884394,0,0.46146,0.000217184
0.300083637,-1.324914455,-1.143386126,0.567717997,193,-0.000342607,-0.000439913,0.003238352,0,0.46146,0.000217184
0.325083971,-1.324887117,-1.143393,0.567401057,193,-7.56E-05,-0.000138818,-0.000566425,0,0.46146,0.000217184
0.350082636,-1.324867407,-1.143415491,0.567455907,193,-1.42E-05,0.000177038,9.35E-05,0,0.46146,0.000217184
0.375084639,-1.324895422,-1.143386443,0.567791927,195,-8.73E-05,-0.000243488,0.003284014,0,0.46146,0.000217184
0.400021791,-1.324939291,-1.14336141,0.567819784,198,-0.000291886,-0.000613774,0.002765996,0,0.46146,0.000217184
0.42502284,-1.324891567,-1.143371463,0.5673178,199,0.000111075,-0.00014076,-0.002695154,0,0.46146,0.000217184
0.45002079,-1.324849963,-1.143401583,0.567006505,200,0.000265414,0.000349552,-0.005027797,0,0.46146,0.000217184
0.475023508,-1.324867407,-1.143387079,0.567389452,194,0.000135838,5.94E-05,-0.00016441,0,0.46146,0.000217184
0.500088215,-1.324912588,-1.143366098,0.567451073,190,-0.000152457,-0.000355149,0.000462611,0,0.46146,0.000217184
0.525088787,-1.324892481,-1.143372734,0.567319864,186,1.20E-05,-0.000113418,-0.000902616,0,0.46146,0.000217184
0.550089121,-1.324834029,-1.143412391,0.566890638,184,0.000277017,0.000533736,-0.004791164,0,0.46146,0.000217184
0.575089216,-1.324849765,-1.14340206,0.567251369,184,0.000136975,0.000241974,-0.000196404,0,0.46146,0.000217184
0.600090027,-1.324897011,-1.143382271,0.567360837,190,-0.00017507,-0.00021823,0.000897278,0,0.46146,0.000217184
0.625109196,-1.324891408,-1.143395583,0.567543757,190,-0.000156451,-3.00E-05,0.002430574,0,0.46146,0.000217184
0.650109291,-1.324828506,-1.143428008,0.567134035,190,0.000221708,0.000561795,-0.002068334,0,0.46146,0.000217184
0.675109625,-1.324801763,-1.143441637,0.567359829,194,0.00031432,0.000674827,0.000585195,0,0.46146,0.000217184
0.700109959,-1.324871182,-1.143393119,0.567610389,199,-7.11E-05,-0.000234555,0.002841189,0,0.46146,0.000217184
0.725097179,-1.324937503,-1.14335839,0.568016214,199,-0.000410225,-0.000799906,0.006044582,0,0.46146,0.000217184
0.750094891,-1.324914575,-1.143363873,0.567674904,200,-0.000155481,-0.000446575,0.001335587,0,0.46146,0.000217184
0.775098085,-1.324849804,-1.143398364,0.567241321,199,0.000226786,0.000271049,-0.003129214,0,0.46146,0.000217184
0.800097704,-1.324852665,-1.143397609,0.567243566,194,0.000153377,0.000185464,-0.002359687,0,0.46146,0.000217184
0.82505393,-1.324914654,-1.143362919,0.567706422,188,-0.000205263,-0.000458327,0.002638136,0,0.46146,0.000217184
0.850054264,-1.324929039,-1.143337448,0.567563846,186,-0.000141244,-0.000628075,0.000644137,0,0.46146,0.000217184
0.875054121,-1.324883143,-1.143348734,0.566996431,184,0.000204756,-0.000151186,-0.004935665,0,0.46146,0.000217184
0.900054455,-1.324886123,-1.143351833,0.566999069,186,0.000115851,-0.000105351,-0.003730532,0,0.46146,0.000217184
0.925055265,-1.324930191,-1.143342972,0.567584825,186,-0.000221597,-0.000378141,0.002762266,0,0.46146,0.000217184
0.95010829,-1.32492427,-1.14336284,0.567863797,192,-0.000222958,-9.75E-05,0.004763887,0,0.46146,0.000217184
0.9751091,-1.32487905,-1.143391689,0.567560091,192,4.67E-05,0.000390831,0.000721019,0,0.46146,0.000217184
1.000108957,-1.324880242,-1.143389702,0.567547145,198,3.61E-05,0.000275252,0.00042486,0,0.46146,0.000217184
1.025109768,-1.324926098,-1.143358668,0.567858697,200,-0.000182587,-0.000276546,0.003302342,0,0.46146,0.000217184
1.05005908,-1.324974418,-1.143322269,0.568196321,199,-0.000341502,-0.000753534,0.005747913,0,0.46146,0.000217184
1.075059652,-1.324914257,-1.14335382,0.567812685,200,6.29E-05,-9.68E-06,0.000705484,0,0.46146,0.000217184
1.100057602,-1.324891845,-1.143372655,0.567877198,195,0.000131656,0.000259758,0.001153769,0,0.46146,0.000217184
1.12506032,-1.324892124,-1.143370549,0.56782258,191,0.00010877,0.000179254,0.000355735,0,0.46146,0.000217184
1.150116682,-1.324959318,-1.143335581,0.568235928,186,-0.000278035,-0.00048979,0.004214365,0,0.46146,0.000217184
1.175117016,-1.324917277,-1.1433659,0.567904793,185,-2.86E-05,8.79E-05,4.05E-05,0,0.46146,0.000217184
1.20011735,-1.324868639,-1.143404007,0.567599679,184,0.000174488,0.000624189,-0.002886721,0,0.46146,0.000217184
1.225116968,-1.324869275,-1.143410087,0.567591873,189,9.64E-05,0.000520724,-0.002271269,0,0.46146,0.000217184
1.250035286,-1.324936906,-1.143365026,0.567818771,189,-0.000241174,-0.000317158,0.000448469,0,0.46146,0.000217184
1.275036097,-1.32491676,-1.143372575,0.567689513,189,-5.99E-05,-7.69E-05,-0.000894703,0,0.46146,0.000217184
1.300036669,-1.324853818,-1.143408736,0.567221676,196,0.00027624,0.000556482,-0.005154304,0,0.46146,0.000217184
1.325036764,-1.32485799,-1.143408179,0.567254297,198,0.000179413,0.000397527,-0.003610207,0,0.46146,0.000217184
1.350119591,-1.324919343,-1.143377225,0.567712528,200,-0.000197856,-0.000260662,0.001620111,0,0.46146,0.000217184
1.375119925,-1.324928482,-1.143353303,0.567598674,200,-0.000101273,-0.000438204,0.000144121,0,0.46146,0.000217184
1.400120258,-1.324864388,-1.143387953,0.56714065,194,0.000261871,0.000275265,-0.004270028,0,0.46146,0.000217184
1.425120592,-1.324825287,-1.143427571,0.567143024,193,0.000311105,0.000729839,-0.003226546,0,0.46146,0.000217184
1.450120926,-1.324868282,-1.143416762,0.567685603,190,-5.43E-05,0.000247172,0.002733006,0,0.46146,0.000217184
1.475114584,-1.324929198,-1.14337941,0.5681409,186,-0.000340226,-0.000426555,0.00643445,0,0.46146,0.000217184
1.500114441,-1.324928999,-1.143363158,0.567824585,184,-0.000173712,-0.000454584,0.001871531,0,0.46146,0.000217184
1.525114775,-1.324866454,-1.143392682,0.567408177,185,0.000220433,0.000213593,-0.002557634,0,0.46146,0.000217184
1.550115347,-1.324863354,-1.143389106,0.567415749,185,0.000211109,0.000149623,-0.001873802,0,0.46146,0.000217184
1.575139523,-1.324907899,-1.14335529,0.567725981,185,-2.44E-05,-0.000387329,0.001537801,0,0.46146,0.000217184
1.600140095,-1.324910522,-1.143353184,0.567726987,194,-2.89E-05,-0.000325199,0.001179803,0,0.46146,0.000217184
1.625139713,-1.324844519,-1.14338998,0.567292876,198,0.000321211,0.00038843,-0.003253396,0,0.46146,0.000217184
1.650140524,-1.324844281,-1.143394748,0.567287275,200,0.000221845,0.000335251,-0.002529209,0,0.46146,0.000217184
1.675137758,-1.324913144,-1.143367569,0.567727813,199,-0.000246671,-0.000318167,0.002288438,0,0.46146,0.000217184
1.700139284,-1.324931582,-1.143349012,0.567554566,200,-0.000240974,-0.000486495,8.48E-05,0,0.46146,0.000217184
1.725139618,-1.324866613,-1.143388073,0.567097918,194,0.000139987,0.000278568,-0.004301987,0,0.46146,0.000217184
1.750139713,-1.324841499,-1.143405835,0.567013957,193,0.000217856,0.000484225,-0.004076428,0,0.46146,0.000217184
1.775051832,-1.324891885,-1.143394311,0.567605856,188,-0.00018246,1.53E-05,0.002577947,0,0.46146,0.000217184
1.800052166,-1.324959,-1.143340031,0.567896903,186,-0.000400702,-0.000771108,0.00474471,0,0.46146,0.000217184
1.825052738,-1.324920058,-1.14335525,0.567540938,183,-6.92E-05,-0.00026389,0.000206693,0,0.46146,0.000217184
1.850052595,-1.324925105,-1.143352667,0.567520962,183,-8.00E-05,-0.000247572,-3.37E-05,0,0.46146,0.000217184
1.875053167,-1.324921886,-1.143370907,0.567677,187,-0.000128726,-2.48E-05,0.001466371,0,0.46146,0.000217184
1.900068283,-1.324988286,-1.143337289,0.568100395,193,-0.000459981,-0.000631072,0.005162008,0,0.46146,0.000217184
1.925067663,-1.324921409,-1.143374284,0.567697824,198,-1.04E-06,0.00016192,7.84E-05,0,0.46146,0.000217184
1.950068951,-1.324857155,-1.143406749,0.567235543,200,0.000350583,0.000715126,-0.004360579,0,0.46146,0.000217184
1.975069046,-1.324850639,-1.143407385,0.567259694,200,0.000316062,0.000582781,-0.003087215,0,0.46146,0.000217184
2.00011611,-1.324917157,-1.143371582,0.567682452,200,-0.00011106,-0.00018601,0.001685745,0,0.46146,0.000217184
2.025116682,-1.324917118,-1.143370191,0.567708355,195,-7.70E-05,-0.000152552,0.001530437,0,0.46146,0.000217184
2.050116777,-1.324851473,-1.143402139,0.567253205,194,0.000306628,0.000478846,-0.003187679,0,0.46146,0.000217184
2.075009823,-1.324847341,-1.143400391,0.567258435,191,0.000275819,0.000371538,-0.002375413,0,0.46146,0.000217184
2.100048304,-1.324914058,-1.143363396,0.567703301,185,-0.000137269,-0.000357594,0.002439839,0,0.46146,0.000217184
2.125047684,-1.324912389,-1.143361767,0.56771744,184,-8.26E-05,-0.000276662,0.001991789,0,0.46146,0.000217184
2.150048971,-1.324844718,-1.143395623,0.567287095,186,0.000308885,0.000410182,-0.002599239,0,0.46146,0.000217184
2.175048351,-1.324845115,-1.143393596,0.567273325,186,0.000242252,0.000293739,-0.002109545,0,0.46146,0.000217184
2.200054884,-1.32491374,-1.143358946,0.567705656,189,-0.000190679,-0.00040852,0.00252775,0,0.46146,0.000217184
2.225054979,-1.324928443,-1.143357078,0.56780902,194,-0.000254019,-0.000401523,0.002911865,0,0.46146,0.000217184
2.250054598,-1.32486097,-1.143395106,0.56739188,196,0.000155376,0.000347875,-0.001773109,0,0.46146,0.000217184
2.275054693,-1.32486554,-1.143393278,0.567402858,199,9.08E-05,0.000226489,-0.001244261,0,0.46146,0.000217184
2.300005198,-1.324901263,-1.143373569,0.567343892,200,-0.000118091,-0.000170844,-0.001511785,0,0.46146,0.000217184
2.325004816,-1.32489272,-1.143388947,0.567487003,200,-0.000100013,3.79E-05,0.000218112,0,0.46146,0.000217184
2.350006342,-1.324824214,-1.143427293,0.567054439,194,0.000279459,0.000689962,-0.003970077,0,0.46146,0.000217184
2.37500453,-1.32477363,-1.143446525,0.566990183,194,0.000521914,0.000939975,-0.003635484,0,0.46146,0.000217184
2.40000701,-1.324826996,-1.143406749,0.566905087,190,0.000170953,0.000120431,-0.003580025,0,0.46146,0.000217184
2.425016165,-1.324858944,-1.143377384,0.567040067,185,2.33E-05,-0.000309158,-0.001433953,0,0.46146,0.000217184
2.45001936,-1.324858586,-1.143379609,0.567067134,187,9.16E-06,-0.00021547,-0.000832363,0,0.46146,0.000217184
2.475016832,-1.324812452,-1.143404762,0.567011023,186,0.00024992,0.000275913,-0.001169983,0,0.46146,0.000217184
2.500020266,-1.324826678,-1.143411756,0.56693263,186,3.95E-05,0.000193314,-0.001639808,0,0.46146,0.000217184
2.525073767,-1.324890097,-1.143378536,0.567352601,192,-0.000309904,-0.000445417,0.002759506,0,0.46146,0.000217184
2.550075293,-1.324907144,-1.143390417,0.567633684,195,-0.000434333,-0.000330782,0.004787463,0,0.46146,0.000217184
2.575075626,-1.32486101,-1.143413266,0.567554294,199,-7.60E-05,0.000169665,0.002883842,0,0.46146,0.000217184
2.600075722,-1.324865778,-1.143415093,0.567552128,200,-0.000105655,0.000119332,0.002173728,0,0.46146,0.000217184
2.625064135,-1.324912747,-1.143368006,0.567712198,200,-0.000217024,-0.000530614,0.003185431,0,0.46146,0.000217184
2.650063992,-1.324910323,-1.143365939,0.567721389,196,-0.000134976,-0.000407963,0.002511814,0,0.46146,0.000217184
2.675064802,-1.324844122,-1.143396219,0.567301609,194,0.000275563,0.000273893,-0.002102574,0,0.46146,0.000217184
2.700065374,-1.324786146,-1.143450499,0.566945682,192,0.000398571,0.000943968,-0.005003343,0,0.46146,0.000217184
2.725043058,-1.324850996,-1.143415888,0.567382896,186,-4.21E-05,0.000105395,0.000377243,0,0.46146,0.000217184
2.750043392,-1.324918548,-1.143365304,0.567613374,184,-0.000316641,-0.000674919,0.002490927,0,0.46146,0.000217184
2.775043488,-1.324912786,-1.143343051,0.56751021,187,-8.01E-05,-0.000663387,0.000908979,0,0.46146,0.000217184
2.800043821,-1.32484285,-1.143375556,0.567060639,187,0.000336159,0.000116583,-0.003607191,0,0.46146,0.000217184
2.825075626,-1.324821512,-1.143402735,0.566876786,188,0.000288318,0.000417114,-0.004500685,0,0.46146,0.000217184
2.850078821,-1.324889183,-1.143365383,0.567305725,193,-0.000134355,-0.000331461,0.000676346,0,0.46146,0.000217184
2.875076056,-1.324894826,-1.143363833,0.567306519,195,-0.000139782,-0.000293719,0.000522255,0,0.46146,0.000217184
2.900079489,-1.324861288,-1.143382708,0.567396361,198,6.71E-05,0.000101011,0.001256389,0,0.46146,0.000217184
2.925020695,-1.324797114,-1.143443306,0.56704184,200,0.000257875,0.000897178,-0.002441993,0,0.46146,0.000217184
2.950023174,-1.324864745,-1.143412272,0.567492921,200,-0.000189561,8.49E-05,0.00245473,0,0.46146,0.000217184
2.975023031,-1.324849844,-1.143419305,0.567332124,194,-6.02E-05,0.000197894,0.000330315,0,0.46146,0.000217184
3.000023603,-1.3248595,-1.143375516,0.567137592,194,0.000101245,-0.000252181,-0.00160878,0,0.46146,0.000217184
3.025078058,-1.324829221,-1.143384099,0.566814882,186,0.000276796,3.23E-05,-0.004303332,0,0.46146,0.000217184
3.050079823,-1.324898203,-1.143349489,0.567273339,186,-0.000167826,-0.000608919,0.001108996,0,0.46146,0.000217184
3.075075865,-1.324906031,-1.14336733,0.567715509,186,-0.000282579,-0.000359742,0.005072712,0,0.46146,0.000217184
3.10008049,-1.324866494,-1.143393874,0.567607071,186,-3.27E-05,0.000143456,0.00282332,0,0.46146,0.000217184
3.125089169,-1.324813008,-1.143403014,0.567023045,186,0.000359421,0.000457465,-0.003434302,0,0.46146,0.000217184
3.150089741,-1.324840903,-1.143383384,0.566811153,191,0.000149263,4.65E-05,-0.004639433,0,0.46146,0.000217184
3.175088406,-1.324904601,-1.143348495,0.567226721,194,-0.000220894,-0.000573254,0.000443648,0,0.46146,0.000217184
3.200089455,-1.324908177,-1.143349767,0.567221562,197,-0.000203461,-0.000444332,0.000288268,0,0.46146,0.000217184
3.22508955,-1.324875116,-1.143350999,0.566994532,199,0.000105517,-0.00015838,-0.001951563,0,0.46146,0.000217184
3.249969244,-1.324860096,-1.143364429,0.566638617,200,0.000132785,6.58E-05,-0.004904855,0,0.46146,0.000217184
3.274969339,-1.324906389,-1.143356164,0.567227805,199,-0.000229834,-0.000254401,0.001901656,0,0.46146,0.000217184
3.299969673,-1.324907422,-1.143357078,0.567204289,171,-0.000187918,-0.000191521,0.001222184,0.06,0.46146,0.000217184
3.324970007,-1.324860454,-1.14337949,0.567140876,-183,0.000120684,0.000276291,0.000323646,0.06,0.46146,0.000217184
3.350061893,-1.324739337,-1.14334925,0.566550588,-183,0.001220084,0.000586488,-0.005377551,0.06,0.46146,0.000217184
3.375061512,-1.324321707,-1.143161615,0.56690944,-448,0.005260802,0.001077368,-0.000660514,0.06,0.46146,0.000217184
3.400061607,-1.323553443,-1.142637412,0.56646349,-448,0.012892035,0.000532616,-0.004766903,0.06,0.46146,0.000217184
3.425061464,-1.32217745,-1.141731699,0.566298947,-448,0.025560391,0.000155843,-0.005200755,0.06,0.46146,0.000217184
3.450102329,-1.320176482,-1.140272776,0.565693497,-643,0.043042103,-0.001400541,-0.00973752,0.059,0.46146,0.000217184
3.475102186,-1.317320704,-1.1383365,0.565893397,-557,0.065730845,-0.002053021,-0.005498183,0.06,0.46146,0.000217184
3.500102043,-1.313984195,-1.136178931,0.565664263,-516,0.088010487,-0.001879693,-0.006374853,0.06,0.46146,0.000217184
3.5251019,-1.31067423,-1.134097099,0.565233061,-543,0.104361629,-0.001288548,-0.008974203,0.06,0.46146,0.000217184
3.550096035,-1.307681918,-1.132201155,0.564342668,-590,0.113294543,-0.000994765,-0.015345045,0.06,0.46146,0.000217184
3.57509613,-1.304965258,-1.130445401,0.564103623,-1145,0.117139696,-0.001055744,-0.013962511,0.06,0.46146,0.000217184
3.600097418,-1.301965793,-1.128553311,0.564090309,-1153,0.123046315,-0.000758447,-0.010751977,0.059,0.46146,0.000217184
3.625097513,-1.298033953,-1.126087507,0.564031705,-1184,0.13800998,-0.000404199,-0.008742024,0.06,0.46146,0.000217184
3.650084257,-1.292524775,-1.122670412,0.56387545,-1240,0.167039296,0.000231758,-0.008147129,0.06,0.875855,-0.499782816
3.675084829,-1.285357436,-1.118211031,0.562994964,-1669,0.20782271,0.000694997,-0.014618769,0.06,0.875855,-0.499782816
3.700085163,-1.276712259,-1.112905979,0.56253901,-1669,0.255124076,0.001707087,-0.015483954,0.06,0.875855,-0.499782816
3.725085735,-1.266945759,-1.106832941,0.562744156,-1669,0.304103128,0.002006365,-0.009820783,0.06,0.875855,-0.499782816
3.750085354,-1.256126046,-1.100268483,0.561404366,-1798,0.352405585,0.003470602,-0.020284705,0.06,0.875855,-0.499782816
3.775088549,-1.244344513,-1.093493025,0.557059366,-1926,0.398023278,0.007208319,-0.056978342,0.06,0.875855,-0.499782816
3.800088644,-1.231572151,-1.086842934,0.547100136,-2171,0.44025886,0.014711979,-0.138589931,0.059,0.875855,-0.499782816
3.825088739,-1.217999657,-1.080511491,0.533560185,-2276,0.477547943,0.02507565,-0.234931436,0.06,0.46146,0.000217184
3.850089073,-1.203695615,-1.07460622,0.515863502,-2377,0.510219415,0.037432695,-0.347987912,0.059,0.46146,0.000217184
3.874974728,-1.188821952,-1.069240928,0.49390118,-2461,0.538485395,0.050837712,-0.475773918,0.06,0.46146,0.000217184
3.899974346,-1.173351765,-1.064631581,0.469158525,-2543,0.561633565,0.066256193,-0.598636756,0.06,0.46146,0.000217184
3.924974442,-1.157215873,-1.060838024,0.44247862,-2698,0.582338994,0.083702083,-0.710648304,0.059,0.46146,0.000217184
3.949975252,-1.140359402,-1.057641506,0.417091352,-2765,0.602871973,0.101042746,-0.78351521,0.059,0.46146,0.000217184
3.975125551,-1.12283965,-1.054569403,0.394719299,-3015,0.623702751,0.113970478,-0.808859836,0.06,0.46146,0.000217184
4.000125647,-1.104854663,-1.051187038,0.377129351,-3015,0.646403921,0.119985923,-0.783695568,0.06,0.46146,0.000217184
4.02512598,-1.086507042,-1.047223369,0.364136675,-3015,0.669314042,0.118369016,-0.720585551,0.06,0.46146,0.000217184
4.050126076,-1.067757845,-1.042568564,0.355405426,-3080,0.692878255,0.11072902,-0.63181477,0.06,0.46146,0.000217184
4.075117588,-1.048921188,-1.037106633,0.350910224,-3138,0.714402945,0.097134326,-0.523773908,0.06,0.46146,0.000217184
4.100117445,-1.029959122,-1.030991872,0.349961809,-3190,0.733998506,0.081154754,-0.407631046,0.059,0.46146,0.000217184
4.125118494,-1.010997792,-1.02447323,0.349863029,-3281,0.750218368,0.065345743,-0.311128415,0.06,0.047065,0.500217184
4.150118351,-0.991800984,-1.017830014,0.350172841,-3321,0.765092505,0.053029102,-0.233788391,0.059,0.047065,0.500217184
4.175118923,-0.972460528,-1.01119415,0.350104471,-3349,0.777671671,0.044180625,-0.17855335,0.06,0.047065,0.500217184
4.200113773,-0.952997188,-1.004580816,0.350505637,-3400,0.788316746,0.038132709,-0.132032022,0.06,0.047065,0.500217184
4.225114584,-0.93336757,-0.997969806,0.350958462,-3416,0.797853495,0.034185986,-0.096138913,0.06,0.047065,0.500217184
4.250113726,-0.913602471,-0.991018256,0.354909326,-3435,0.807448117,0.029362039,-0.035375614,0.06,0.047065,0.500217184
4.275114298,-0.893902739,-0.983322084,0.363496989,-3464,0.816648797,0.020534086,0.055197016,0.059,0.047065,0.500217184
4.300088882,-0.87462914,-0.974529584,0.37925188,-3453,0.823959879,0.005745589,0.192807907,0.059,0.46146,0.000217184
4.325089216,-0.855972747,-0.964667022,0.399929349,-3453,0.828023202,-0.013034559,0.344437078,0.059,0.46146,0.000217184
4.350090027,-0.837934891,-0.953664541,0.425924178,-3453,0.830613224,-0.034463415,0.510658909,0.059,0.46146,0.000217184
4.375088453,-0.820549349,-0.941610992,0.454690493,-3442,0.83203642,-0.056762972,0.663671339,0.06,0.047065,0.500217184
4.400095701,-0.803945581,-0.928524872,0.485367423,-3436,0.831885984,-0.079792068,0.798272561,0.06,0.047065,0.500217184
4.425096035,-0.788029571,-0.91473033,0.51570948,-3449,0.830465076,-0.100414038,0.897575379,0.059,0.047065,0.500217184
4.450096846,-0.772468348,-0.90053008,0.544499214,-3469,0.829548554,-0.115481036,0.958290332,0.06,0.047065,0.500217184
4.475096703,-0.756940881,-0.886204819,0.571299752,-3470,0.830209615,-0.122818044,0.985480065,0.059,0.047065,0.500217184
4.500123501,-0.741657734,-0.87161692,0.598565682,-3451,0.83086175,-0.126319434,1.01033945,0.06,0.047065,0.500217184
4.525123358,-0.726727208,-0.856555422,0.628008688,-3448,0.832386883,-0.128782522,1.050354652,0.06,0.047065,0.500217184
4.550123692,-0.712434232,-0.840857704,0.658921647,-3456,0.833362125,-0.132997117,1.094854488,0.059,0.047065,0.500217184
4.575123787,-0.6985358,-0.824705621,0.689231688,-3498,0.834926508,-0.135880659,1.122953872,0.06,0.46146,0.000217184
4.600137949,-0.685263296,-0.808258851,0.717796762,-3541,0.834258426,-0.138365621,1.127496485,0.059,0.46146,0.000217184
4.625137806,-0.672499537,-0.791848938,0.744661988,-3541,0.830915894,-0.137955124,1.114854832,0.059,0.46146,0.000217184
4.650138378,-0.660422186,-0.775386353,0.770010866,-3541,0.824770436,-0.13759195,1.090728479,0.059,0.46146,0.000217184
4.675138474,-0.64894863,-0.758835375,0.793159996,-3499,0.817352697,-0.137558957,1.051339781,0.06,0.46146,0.000217184
4.70013833,-0.637853245,-0.74187686,0.814685674,-3447,0.812727387,-0.138746892,1.005845344,0.06,0.46146,0.000217184
4.725135803,-0.62692974,-0.724625667,0.833372974,-3450,0.810796003,-0.139181727,0.944102178,0.06,0.46146,0.000217184
4.75013566,-0.615783493,-0.707386553,0.848332507,-3456,0.811110823,-0.134954241,0.861455923,0.06,0.46146,0.000217184
4.775135756,-0.604215443,-0.69055291,0.857342626,-3464,0.811310402,-0.124399613,0.741675699,0.06,0.46146,0.000217184
4.800136089,-0.592016816,-0.674421787,0.861655885,-3472,0.810380517,-0.106580093,0.605616837,0.06,0.46146,0.000217184
4.825140476,-0.579125981,-0.658905069,0.862491002,-3480,0.809495645,-0.084009888,0.468823987,0.06,0.46146,0.000217184
4.85014081,-0.565827449,-0.643728773,0.862360997,-3482,0.808917792,-0.061782424,0.355505099,0.06,0.875855,-0.499782816
4.875140905,-0.552309155,-0.628586431,0.86182026,-3490,0.809602752,-0.043166477,0.265348378,0.06,0.875855,-0.499782816
4.900141239,-0.538754801,-0.613322179,0.86114392,-3515,0.811233662,-0.029630078,0.19544766,0.06,0.875855,-0.499782816
4.925143003,-0.525122225,-0.597924888,0.860079622,-3515,0.813918846,-0.019800562,0.138548077,0.06,0.875855,-0.499782816
4.950142384,-0.511487951,-0.58254387,0.85755982,-3515,0.815880119,-0.012701999,0.081331479,0.06,0.875855,-0.499782816
4.975143671,-0.497596969,-0.56747061,0.851560278,-3521,0.816771458,-0.004694338,0.004522202,0.06,0.875855,-0.499782816
5.000143528,-0.483207713,-0.553044021,0.840488534,-3533,0.816075814,0.006904277,-0.102430682,0.06,0.875855,-0.499782816
5.025165558,-0.468137552,-0.539530993,0.823573405,-3546,0.813541598,0.023135189,-0.23954883,0.06,0.875855,-0.499782816
5.05016613,-0.452477266,-0.52705127,0.80212259,-3547,0.808938333,0.042288565,-0.387397148,0.06,0.875855,-0.499782816
5.075165987,-0.436331958,-0.515633861,0.775941372,-3521,0.802217777,0.062383491,-0.545140867,0.06,0.875855,-0.499782816
5.100166321,-0.419617087,-0.505259027,0.745968825,-3478,0.79515548,0.08308466,-0.701423337,0.06,0.46146,0.000217184
5.125104666,-0.402453283,-0.495752811,0.714161262,-3430,0.789080508,0.102129181,-0.838648083,0.06,0.46146,0.000217184
5.150104523,-0.384848545,-0.486996273,0.681941717,-3439,0.783914979,0.118814895,-0.946257565,0.06,0.46146,0.000217184
5.175105333,-0.366920332,-0.478801459,0.650595571,-3475,0.780383358,0.131887424,-1.019779039,0.06,0.46146,0.000217184
5.200105429,-0.348761062,-0.471122821,0.621195442,-3502,0.77776505,0.141712608,-1.057124951,0.06,0.46146,0.000217184
5.22511673,-0.330579827,-0.463656902,0.597076675,-3490,0.775664158,0.146523942,-1.034938006,0.06,0.46146,0.000217184
5.25011611,-0.31244116,-0.456045717,0.578343596,-3490,0.775264439,0.145365904,-0.96666416,0.06,0.46146,0.000217184
5.27511692,-0.294392188,-0.447916955,0.564300046,-3490,0.777329235,0.137240732,-0.86986024,0.06,0.46146,0.000217184
5.300116777,-0.276410192,-0.439177195,0.554656409,-3488,0.781688199,0.123946537,-0.75412963,0.059,0.46146,0.000217184
5.325111151,-0.258461217,-0.429804504,0.549925819,-3491,0.788031567,0.107608428,-0.619094954,0.06,0.46146,0.000217184
5.350111485,-0.24056681,-0.419881086,0.548816654,-3493,0.795129132,0.090193658,-0.481701843,0.06,0.46146,0.000217184
5.375111341,-0.222654482,-0.409600993,0.548824688,-3500,0.802459116,0.074123395,-0.366470715,0.06,0.46146,0.000217184
5.400111675,-0.204791288,-0.39925766,0.549226849,-3526,0.807945774,0.061213086,-0.275017719,0.06,0.46146,0.000217184
5.425112009,-0.186865081,-0.388961514,0.549132021,-3527,0.8123997,0.05206973,-0.2101795,0.059,0.047065,0.500217184
5.450077534,-0.16890354,-0.378736198,0.549312778,-3531,0.815997867,0.045910691,-0.15820374,0.059,0.047065,0.500217184
5.475077629,-0.150952453,-0.368480762,0.549138471,-3532,0.818528476,0.040883032,-0.122050756,0.06,0.047065,0.500217184
5.500078201,-0.13310311,-0.358128985,0.548956916,-3540,0.820102196,0.035727777,-0.094609684,0.059,0.047065,0.500217184
5.525078297,-0.115233339,-0.347689261,0.549640232,-3547,0.821906132,0.031324728,-0.065458513,0.06,0.047065,0.500217184
5.550122499,-0.097288236,-0.336966425,0.553432284,-3547,0.824945443,0.026794835,-0.013613493,0.06,0.047065,0.500217184
5.575122833,-0.079459998,-0.325677266,0.562745736,-3547,0.829515973,0.020037986,0.078697641,0.06,0.047065,0.500217184
5.600122929,-0.062117954,-0.313496798,0.578101952,-3546,0.83374099,0.008316535,0.20672442,0.06,0.047065,0.500217184
5.625123262,-0.045522204,-0.300341566,0.598996423,-3556,0.836416102,-0.008091485,0.357101754,0.06,0.047065,0.500217184
5.650081873,-0.029876637,-0.286235571,0.623943023,-3565,0.837020933,-0.028257738,0.510676183,0.06,0.047065,0.500217184
5.675082684,-0.015237286,-0.27132224,0.65132343,-3551,0.834699874,-0.050048418,0.650406228,0.059,0.047065,0.500217184
5.700082779,-0.001628725,-0.255662456,0.680239787,-3485,0.830508738,-0.072649174,0.771427428,0.06,0.047065,0.500217184
5.725082874,0.011322886,-0.239410361,0.709714003,-3469,0.82717882,-0.092464783,0.868852021,0.06,0.047065,0.500217184
5.750083208,0.023868754,-0.222598414,0.739560303,-3476,0.826407473,-0.108270795,0.946541802,0.06,0.047065,0.500217184
5.775105,0.036145816,-0.205365499,0.768873996,-3501,0.827628059,-0.119157522,1.000326039,0.06,0.047065,0.500217184
5.800105095,0.047992852,-0.187873662,0.796890385,-3552,0.82857889,-0.126557321,1.02909065,0.06,0.047065,0.500217184
5.825105429,0.059223585,-0.170335308,0.823427945,-3567,0.826503299,-0.131525005,1.036835528,0.06,0.047065,0.500217184
5.850105524,0.069656931,-0.152918796,0.849116913,-3567,0.819853889,-0.135213477,1.034616904,0.06,0.047065,0.500217184
5.875136137,0.07935187,-0.135447388,0.875751362,-3519,0.811314354,-0.138638395,1.041659074,0.06,0.047065,0.500217184
5.900136709,0.088499213,-0.117764791,0.903550873,-3481,0.804309894,-0.141419814,1.058463815,0.059,0.047065,0.500217184
5.925137043,0.097258312,-0.099654367,0.931324609,-3416,0.800974343,-0.143751513,1.07100734,0.06,0.047065,0.500217184
5.950137138,0.105615286,-0.081286391,0.958784283,-3425,0.79916563,-0.144887072,1.077551634,0.06,0.047065,0.500217184
5.975156546,0.113439252,-0.062672685,0.985309763,-3425,0.797659601,-0.146226716,1.073402685,0.06,0.875855,-0.499782816
6.000156403,0.120665178,-0.043953682,1.011295341,-3432,0.795351357,-0.147714581,1.065281045,0.06,0.875855,-0.499782816
6.025156736,0.127252728,-0.025218094,1.037553821,-3415,0.79151684,-0.149225019,1.061705736,0.06,0.875855,-0.499782816
6.050155878,0.133234655,-0.006433682,1.06434397,-3408,0.787126461,-0.150663106,1.06408125,0.06,0.875855,-0.499782816
6.075145245,0.138735975,0.012442479,1.091219388,-3409,0.783446132,-0.151273835,1.066804814,0.06,0.875855,-0.499782816
6.100145578,0.143977756,0.031500415,1.11486036,-3415,0.781846485,-0.150346661,1.037836203,0.06,0.875855,-0.499782816
6.125145912,0.149250433,0.050586425,1.13335495,-3415,0.781617451,-0.146047185,0.966582209,0.06,0.875855,-0.499782816
6.150146008,0.154873098,0.069599327,1.145779195,-3417,0.782566738,-0.137116919,0.854317522,0.059,0.875855,-0.499782816
6.175139189,0.16094553,0.088425202,1.153143856,-3417,0.783637181,-0.124286729,0.720528976,0.059,0.875855,-0.499782816
6.200139284,0.167668174,0.107017832,1.155567032,-3417,0.784914786,-0.107473449,0.571452341,0.059,0.875855,-0.499782816
6.22513938,0.17505229,0.125308367,1.154271854,-3418,0.785787435,-0.08797068,0.422457707,0.06,0.875855,-0.499782816
6.250139952,0.183364992,0.143212914,1.147735181,-3424,0.786683339,-0.064750482,0.25896202,0.06,0.875855,-0.499782816
6.275140047,0.192592874,0.160649175,1.136084345,-3428,0.787005537,-0.03945727,0.08564704,0.06,0.875855,-0.499782816
6.300107002,0.202812389,0.177507664,1.118764088,-3428,0.786813462,-0.012508477,-0.100668009,0.059,0.875855,-0.499782816
6.325107336,0.214006955,0.193634669,1.096740849,-3422,0.784789054,0.015325482,-0.287192354,0.06,0.875855,-0.499782816
6.350107431,0.22601593,0.208975946,1.070840755,-3403,0.780970882,0.042114921,-0.466200186,0.059,0.875855,-0.499782816
6.375108004,0.238785515,0.223493407,1.041577031,-3398,0.775746382,0.067364025,-0.634573444,0.059,0.875855,-0.499782816
6.400096416,0.252097314,0.237294172,1.011473631,-3425,0.76978118,0.089148421,-0.770864972,0.06,0.875855,-0.499782816
6.425096273,0.26593554,0.250478044,0.981551284,-3449,0.764105902,0.107786738,-0.8727119,0.06,0.875855,-0.499782816
6.450097084,0.280061175,0.263148954,0.953962358,-3449,0.758403346,0.122112159,-0.927888541,0.06,0.875855,-0.499782816
6.475097179,0.294343829,0.275246739,0.927163286,-3449,0.751597075,0.132747567,-0.962329577,0.06,0.875855,-0.499782816
6.500087261,0.308767011,0.286694358,0.90110269,-3449,0.743425019,0.141208881,-0.981575589,0.06,0.875855,-0.499782816
6.52508688,0.323443125,0.297496309,0.873501084,-3368,0.735004862,0.14870428,-1.010861412,0.06,0.875855,-0.499782816
6.550087452,0.338404844,0.307861934,0.844784943,-3338,0.728398753,0.154340633,-1.043793448,0.06,0.875855,-0.499782816
6.575087786,0.353653461,0.317951341,0.815763471,-3330,0.724453961,0.157513596,-1.071775077,0.06,0.875855,-0.499782816
6.600171328,0.369232535,0.327761809,0.787313736,-3367,0.722294359,0.15906139,-1.086698029,0.059,0.875855,-0.499782816
6.625171423,0.385115057,0.337150196,0.759780469,-3401,0.721563468,0.160555698,-1.090195073,0.06,0.875855,-0.499782816
6.650171995,0.401067843,0.345985134,0.733080728,-3430,0.718955736,0.161470103,-1.084880858,0.059,0.875855,-0.499782816
6.675172329,0.416881432,0.354179492,0.708004655,-3441,0.712910365,0.161681827,-1.0653137,0.06,0.875855,-0.499782816
6.700172663,0.432587345,0.361707747,0.683704331,-3366,0.704382754,0.16208965,-1.043006388,0.06,0.875855,-0.499782816
6.725124359,0.448455453,0.368688544,0.659132486,-3304,0.697138046,0.163576857,-1.02908612,0.06,0.875855,-0.499782816
6.750124216,0.464600702,0.37535727,0.632018514,-3225,0.692719686,0.16422931,-1.042348761,0.06,0.875855,-0.499782816
6.775125027,0.481053203,0.381842752,0.603928642,-3225,0.691827169,0.163262768,-1.061762531,0.06,0.875855,-0.499782816
6.800124884,0.497856508,0.388136735,0.574716315,-3242,0.694022714,0.161061925,-1.087278831,0.059,0.875855,-0.499782816
6.825161219,0.51504752,0.393997143,0.546800339,-3270,0.697420126,0.160109623,-1.093910194,0.06,0.875855,-0.499782816
6.850166321,0.532480518,0.399422894,0.519941328,-3301,0.701108582,0.159621434,-1.089184281,0.06,0.875855,-0.499782816
6.875166416,0.54979527,0.404303402,0.495070773,-3331,0.701364621,0.159057762,-1.066625435,0.06,0.875855,-0.499782816
6.900165558,0.566878756,0.408661524,0.470303582,-3337,0.698210342,0.157912427,-1.048480093,0.06,0.047065,0.500217184
6.925120354,0.58376507,0.412383169,0.445064458,-3301,0.692652535,0.157625653,-1.03961433,0.06,0.047065,0.500217184
6.950120687,0.600767871,0.415458272,0.418745003,-3267,0.687561586,0.159188805,-1.042757885,0.06,0.047065,0.500217184
6.975120544,0.618037025,0.418001821,0.39201942,-3244,0.685093942,0.161746569,-1.04903829,0.06,0.047065,0.500217184
7.00012064,0.63573432,0.420192311,0.365563528,-3267,0.686848941,0.164012094,-1.051236021,0.059,0.047065,0.500217184
7.025175571,0.653900564,0.422148993,0.341232928,-3287,0.692236712,0.165215659,-1.032076599,0.06,0.047065,0.500217184
7.050175667,0.672431191,0.424250543,0.321669155,-3312,0.701211803,0.162674975,-0.972424969,0.06,0.047065,0.500217184
7.075176001,0.691206972,0.426711142,0.30753281,-3312,0.71181813,0.155708911,-0.875133768,0.06,0.047065,0.500217184
7.100175619,0.710134049,0.429873248,0.299140376,-3312,0.723515058,0.142928216,-0.746178829,0.06,0.047065,0.500217184
7.125174046,0.72914956,0.433829029,0.295038922,-3320,0.735539236,0.125441887,-0.607021142,0.059,0.047065,0.500217184
7.150174618,0.748174429,0.43875732,0.295775119,-3334,0.747456881,0.103401212,-0.454868789,0.06,0.047065,0.500217184
7.175174952,0.767012914,0.444737633,0.301315559,-3349,0.757763925,0.077534404,-0.293150536,0.06,0.047065,0.500217184
7.20017457,0.785625855,0.451706221,0.312800696,-3358,0.766469123,0.050366473,-0.113244906,0.06,0.047065,0.500217184
7.225188017,0.803984384,0.459650636,0.330120835,-3357,0.773832259,0.023374896,0.07935824,0.059,0.047065,0.500217184
7.250188589,0.822035392,0.468633453,0.352607771,-3359,0.780490896,-0.003214248,0.275408741,0.06,0.047065,0.500217184
7.275188446,0.839600265,0.478684247,0.37935793,-3372,0.785520179,-0.02952175,0.465364508,0.059,0.047065,0.500217184
7.300189018,0.856605907,0.489649435,0.407643135,-3446,0.788587885,-0.054256767,0.62458087,0.059,0.047065,0.500217184
7.325205803,0.872977436,0.501243492,0.434912573,-3450,0.78863046,-0.075848894,0.735853599,0.06,0.047065,0.500217184
7.35020566,0.888841331,0.513238708,0.460776091,-3351,0.786979597,-0.093005838,0.807258327,0.06,0.047065,0.500217184
7.375205994,0.904198964,0.525649567,0.486215308,-3349,0.784134234,-0.107071737,0.857531285,0.059,0.047065,0.500217184
7.400205612,0.919256787,0.538584113,0.513816886,-3349,0.78287021,-0.118418763,0.916470527,0.059,0.047065,0.500217184
7.425185919,0.934170047,0.552034279,0.542758029,-3349,0.784408131,-0.126614143,0.974343372,0.059,0.047065,0.500217184
7.450186253,0.948990742,0.56590414,0.572708788,-3377,0.787865881,-0.131011261,1.027813544,0.06,0.047065,0.500217184
7.475186348,0.96356678,0.580070039,0.600912996,-3422,0.791071345,-0.132615698,1.051803048,0.059,0.047065,0.500217184
7.500185966,0.977622072,0.594435771,0.626883307,-3461,0.79139274,-0.133320661,1.04870134,0.06,0.047065,0.500217184
7.525190115,0.990954479,0.608834068,0.651063598,-3496,0.787022193,-0.133698609,1.029182275,0.06,0.047065,0.500217184
7.550190449,1.003402293,0.623334666,0.676280962,-3463,0.778494507,-0.135377184,1.024281313,0.06,0.047065,0.500217184
7.575190783,1.0151004,0.638202111,0.70245313,-3402,0.76961897,-0.139251685,1.029681966,0.059,0.047065,0.500217184
7.600190878,1.026388248,0.653636972,0.730077575,-3346,0.764495671,-0.143950422,1.047680972,0.06,0.047065,0.500217184
7.625213385,1.037564834,0.669649164,0.757365533,-3300,0.764422859,-0.147340193,1.0579259,0.059,0.047065,0.500217184
7.65021348,1.048531731,0.68617475,0.784661944,-3309,0.767545681,-0.149839567,1.066036248,0.059,0.047065,0.500217184
7.675213814,1.059111953,0.703039765,0.811641587,-3394,0.770679634,-0.151629703,1.069176274,0.06,0.047065,0.500217184
7.700213671,1.069227695,0.720022758,0.837611945,-3394,0.771847514,-0.152189005,1.061919453,0.06,0.047065,0.500217184
7.725194454,1.078813513,0.737017234,0.863244897,-3401,0.770548281,-0.151800346,1.053358182,0.06,0.46146,0.000217184
7.75019455,1.087818583,0.75401634,0.888738019,-3396,0.766809026,-0.151137234,1.045316973,0.06,0.46146,0.000217184
7.775194645,1.096220851,0.771209101,0.915906636,-3377,0.762822754,-0.151416587,1.055219568,0.06,0.46146,0.000217184
7.800194979,1.104233901,0.788639526,0.943176095,-3198,0.760367781,-0.151072836,1.06371668,0,0.46146,0.000217184
7.825195313,1.111865044,0.806030194,0.969005713,-2333,0.756984898,-0.14894808,1.056414492,0,0.46146,0.000217184
7.850197315,1.118892312,0.822537223,0.99017859,-2079,0.744846794,-0.143738076,1.006315926,0,0.46146,0.000217184
7.875197887,1.12514778,0.837344428,1.005550543,-1761,0.718388793,-0.13470266,0.912736527,0,0.46146,0.000217184
7.900197029,1.130559325,0.85008659,1.014759783,-1643,0.677459294,-0.122862715,0.782604705,0,0.46146,0.000217184
7.925198317,1.135342201,0.860852639,1.019891966,-1237,0.62715954,-0.108410945,0.644590284,0,0.46146,0.000217184
7.950201988,1.13966616,0.86979723,1.022293775,-913,0.571761288,-0.091808145,0.513459744,0,0.46146,0.000217184
7.975202084,1.143755595,0.877146602,1.023508388,-446,0.515438287,-0.073038171,0.40232792,0,0.46146,0.000217184
8.000202179,1.147481759,0.883211096,1.02320539,-446,0.460280398,-0.055348758,0.303251182,0,0.46146,0.000217184
8.025202274,1.150686264,0.888283432,1.02264274,-446,0.407611808,-0.041239893,0.225376588,0,0.46146,0.000217184
8.050221682,1.153404832,0.892570893,1.02258294,-295,0.358669614,-0.030562219,0.170927309,0,0.46146,0.000217184
8.075221777,1.155666868,0.896184544,1.023055368,-206,0.313690579,-0.02278504,0.134583377,0,0.46146,0.000217184
8.100222349,1.157484651,0.899144053,1.023434784,-127,0.271911245,-0.017223651,0.106038253,0,0.46146,0.000217184
8.125222445,1.158769846,0.901403566,1.023174203,-67,0.231753933,-0.013863351,0.078197301,0,0.46146,0.000217184
8.150238276,1.159662167,0.902939876,1.022903726,-23,0.193325574,-0.010917519,0.056918926,0,0.46146,0.000217184
8.175238609,1.160190145,0.903816819,1.022931195,15,0.156897511,-0.008365628,0.043574712,0,0.46146,0.000217184
8.200238705,1.160315196,0.904049496,1.022960421,72,0.121912136,-0.006503821,0.033437324,0,0.46146,0.000217184
8.225239038,1.16004467,0.903683484,1.023690055,72,0.08843345,-0.005337563,0.032420774,0,0.46146,0.000217184
8.250224829,1.159442107,0.90280052,1.023649146,113,0.057078798,-0.004590025,0.02427894,0,0.46146,0.000217184
8.275224924,1.158663273,0.901624163,1.023644036,166,0.029952698,-0.004000723,0.018426023,0,0.46146,0.000217184
8.300224781,1.157759666,0.900350293,1.023013873,166,0.007893452,-0.004076731,0.007995314,0,0.46146,0.000217184
8.325225115,1.156887015,0.89908274,1.023255956,166,-0.008686163,-0.003916885,0.008398813,0,0.46146,0.000217184
8.350242376,1.15609622,0.897943517,1.023508178,174,-0.019837958,-0.00376857,0.008801178,0,0.46146,0.000217184
8.37524271,1.155445139,0.897042354,1.02334963,179,-0.025693839,-0.003698302,0.005181131,0,0.46146,0.000217184
8.400242805,1.155023098,0.896501541,1.022986005,179,-0.026068034,-0.003565946,0.000465468,0,0.46146,0.000217184
8.425242186,1.154848456,0.896371722,1.022688262,177,-0.021766029,-0.003492,-0.002492987,0,0.46146,0.000217184
8.450243473,1.15498511,0.896623711,1.022940461,179,-0.013825299,-0.002796784,0.00051446,0,0.46146,0.000217184
8.475236416,1.155247728,0.897116542,1.022722162,180,-0.005187957,-0.002440343,-0.001696556,0,0.46146,0.000217184
8.500235081,1.155560454,0.897673468,1.022154987,181,0.002156038,-0.002082878,-0.00671476,0,0.46146,0.000217184
8.52523613,1.155809283,0.898151934,1.021502822,186,0.006784831,-0.001944238,-0.011345477,0,0.46146,0.000217184
8.55023694,1.155986865,0.898473263,1.021618099,186,0.008669953,-0.00163493,-0.007530979,0,0.46146,0.000217184
8.575234652,1.156072219,0.898625414,1.021968152,192,0.008264518,-0.001306792,-0.002383038,0,0.46146,0.000217184
8.600234985,1.156071186,0.898620069,1.021938392,199,0.006240072,-0.000976159,-0.002097924,0,0.46146,0.000217184
8.625234842,1.15603447,0.898460587,1.022267764,199,0.003263974,-0.000247192,0.00155317,0,0.46146,0.000217184
8.650235415,1.155887763,0.898201625,1.022024883,199,-0.000360693,-9.32E-05,-0.001140573,0,0.46146,0.000217184
8.675243378,1.155734777,0.897857765,1.022715872,201,-0.003842032,0.000393536,0.005737423,0,0.46146,0.000217184
8.700243473,1.155554016,0.897534231,1.022710899,194,-0.006464757,0.00043615,0.004318303,0,0.46146,0.000217184
8.725243807,1.155436317,0.897259653,1.023144636,191,-0.007746895,0.000738114,0.007433438,0,0.46146,0.000217184
8.750243902,1.155333916,0.897111813,1.022933532,187,-0.007611736,0.000462128,0.003637796,0,0.46146,0.000217184
8.775175333,1.155316512,0.897084137,1.023044385,185,-0.006105556,0.000347384,0.003831072,0,0.46146,0.000217184
8.800177097,1.155390461,0.897173067,1.023231978,184,-0.003551873,0.000425356,0.004708926,0,0.46146,0.000217184
8.825177193,1.15550828,0.897325257,1.023685167,187,-0.000873827,0.00052876,0.007916728,0,0.46146,0.000217184
8.850177526,1.155600826,0.897473713,1.023711766,187,0.001007776,0.000419684,0.006278518,0,0.46146,0.000217184
8.875253677,1.155661345,0.897571623,1.023842639,192,0.001864153,0.000326674,0.006025244,0,0.46146,0.000217184
8.90025425,1.155666351,0.897587101,1.023714749,200,0.001569813,0.000212481,0.003361968,0,0.46146,0.000217184
8.925254345,1.155649622,0.897540708,1.023658449,200,0.000732461,0.000255859,0.002019914,0,0.46146,0.000217184
8.95025444,1.155594865,0.897441943,1.023514242,200,-0.000521578,0.000239015,0.000158092,0,0.46146,0.000217184
8.975187063,1.155513883,0.897339702,1.023342714,200,-0.001638096,2.91E-05,-0.001524338,0,0.46146,0.000217184
9.000187397,1.155452331,0.897264202,1.023184704,194,-0.002169302,-0.000104447,-0.002670849,0,0.46146,0.000217184
9.025185823,1.155428807,0.897238413,1.023058229,193,-0.001978401,-0.000143097,-0.003241822,0,0.46146,0.000217184
9.050187588,1.155459603,0.897259096,1.022987372,189,-0.001183269,3.95E-05,-0.003144355,0,0.46146,0.000217184
9.075260878,1.155479153,0.897304654,1.023123353,187,-0.000432509,-3.70E-05,-0.001096184,0,0.46146,0.000217184
9.100263834,1.15550824,0.897349656,1.023384335,184,0.000183028,-1.46E-05,0.00166116,0,0.46146,0.000217184
9.125263929,1.155532877,0.897377372,1.023666414,184,0.000488172,5.22E-05,0.003961358,0,0.46146,0.000217184
9.150264263,1.155554891,0.897384425,1.023531149,188,0.0005386,0.000184371,0.001720939,0,0.46146,0.000217184
9.175272226,1.155551473,0.897361676,1.023410783,188,0.000207152,0.000225582,0.000158927,0,0.46146,0.000217184
9.20027256,1.155521115,0.897329132,1.023095499,201,-0.000259205,8.59E-05,-0.002893857,0,0.46146,0.000217184
9.225272655,1.155499379,0.897290448,1.023105635,200,-0.000621263,8.05E-05,-0.002105146,0,0.46146,0.000217184
9.250272036,1.155487259,0.897275925,1.022938268,200,-0.000651666,3.47E-05,-0.003202343,0,0.46146,0.000217184
9.275272846,1.155495803,0.897277415,1.022957244,200,-0.000441169,8.87E-05,-0.002255348,0,0.46146,0.000217184
9.300231934,1.155501564,0.897296906,1.022972862,200,-0.0001476,1.74E-05,-0.001566605,0,0.46146,0.000217184
9.325232744,1.155531764,0.897318602,1.023252905,194,0.000215144,0.000151774,0.001485672,0,0.46146,0.000217184
9.35023284,1.155543447,0.897324463,1.023558015,192,0.0002697,0.000181726,0.004048047,0,0.46146,0.000217184
9.375232935,1.155559262,0.897318502,1.023697924,187,0.000235221,0.000297087,0.004418181,0,0.46146,0.000217184
9.4002707,1.15553836,0.897298316,1.023582471,186,-8.94E-05,0.000155925,0.002259648,0,0.46146,0.000217184
9.425270796,1.155534824,0.897280991,1.023472741,183,-0.000227121,0.000175987,0.000670195,0,0.46146,0.000217184
9.45027113,1.155532678,0.897263308,1.023487258,185,-0.00032789,0.000204385,0.000648796,0,0.46146,0.000217184
9.475271225,1.155537327,0.897259434,1.023509187,187,-0.000258007,0.000212767,0.000703386,0,0.46146,0.000217184
9.500218868,1.155530373,0.897270759,1.023336217,200,-0.000138354,4.85E-05,-0.001122224,0,0.46146,0.000217184
9.525218964,1.155530731,0.897283256,1.023320487,200,-1.47E-06,-2.24E-05,-0.001004362,0,0.46146,0.000217184
9.550219297,1.155525883,0.897299429,1.023142823,200,0.000106777,-0.000137115,-0.002463108,0,0.46146,0.000217184
9.575219154,1.155559103,0.897304575,1.023436294,200,0.000288589,0.000141303,0.000931983,0,0.46146,0.000217184
9.600229263,1.155557116,0.897308548,1.023357892,200,0.000242146,7.15E-05,-4.02E-05,0,0.46146,0.000217184
9.625229597,1.155545473,0.897298356,1.023357963,195,4.31E-05,1.01E-05,-2.99E-05,0,0.46146,0.000217184
9.65008688,1.155525366,0.897281806,1.023235399,194,-0.000203774,-7.45E-05,-0.001201494,0,0.46146,0.000217184
9.675086737,1.155531565,0.897266567,1.023332222,190,-0.000248628,6.97E-05,1.16E-05,0,0.46146,0.000217184
9.700136662,1.155538718,0.897257725,1.023601812,185,-0.000225733,0.000155259,0.002581578,0,0.46146,0.000217184
9.725137234,1.155527194,0.897267441,1.023418811,184,-0.00014979,-2.43E-05,0.000214568,0,0.46146,0.000217184
9.750137329,1.155530294,0.89727205,1.023415367,183,-6.09E-05,-1.61E-05,0.000130336,0,0.46146,0.000217184
9.775137901,1.155536652,0.897273938,1.023419291,187,6.95E-07,3.03E-05,0.000136702,0,0.46146,0.000217184
9.800147772,1.155529499,0.897270223,1.023559496,186,-6.54E-05,-1.69E-05,0.001444172,0,0.46146,0.000217184
9.825147867,1.155510227,0.897260825,1.023678671,199,-0.00022236,-0.000123485,0.002238513,0,0.46146,0.000217184
9.850148439,1.155515711,0.897257129,1.02359792,199,-0.000172099,-3.08E-05,0.00093124,0,0.46146,0.000217184
9.875148535,1.155527393,0.897257109,1.023447154,200,-7.30E-05,7.21E-05,-0.000733045,0,0.46146,0.000217184
9.900149107,1.15553232,0.897270322,1.023159911,199,7.69E-05,2.93E-05,-0.003304442,0,0.46146,0.000217184
9.925117016,1.155539354,0.897274375,1.023140139,197,0.00012668,5.96E-05,-0.002703799,0,0.46146,0.000217184
9.95011735,1.155548811,0.89726911,1.023309907,194,0.000100483,0.000148743,-0.000434087,0,0.46146,0.000217184
9.975117683,1.155537486,0.89727517,1.023270027,193,6.96E-05,-9.44E-06,-0.000711659,0,0.46146,0.000217184
10.00011849,1.155524015,0.897270461,1.023406253,187,-5.26E-05,-9.37E-05,0.000761058,0,0.46146,0.000217184
10.02514863,1.155529539,0.897270441,1.023456724,185,-1.27E-05,-2.62E-05,0.001061167,0,0.46146,0.000217184
10.05014896,1.155537089,0.897261918,1.023479522,183,-4.17E-05,8.41E-05,0.001025484,0,0.46146,0.000217184
10.07514906,1.155533791,0.897270501,1.023183062,185,2.19E-05,-5.63E-06,-0.002054494,0,0.46146,0.000217184
10.10015011,1.155522903,0.897264302,1.023277339,188,-8.81E-05,-6.23E-05,-0.000661887,0,0.46146,0.000217184
10.12515545,1.155538321,0.897260129,1.023440668,198,-2.44E-05,9.92E-05,0.001057805,0,0.46146,0.000217184
10.15015554,1.155534546,0.897263249,1.023428783,200,-1.19E-05,2.91E-05,0.000691285,0,0.46146,0.000217184
10.17515516,1.155540387,0.897269269,1.02329562,200,6.92E-05,3.99E-05,-0.000747336,0,0.46146,0.000217184
10.20015693,1.155545235,0.89726609,1.023263528,199,5.08E-05,8.58E-05,-0.000875531,0,0.46146,0.000217184
10.22515678,1.155549288,0.897265236,1.023249647,200,5.19E-05,0.000102603,-0.000798964,0,0.46146,0.000217184
10.25015211,1.155539115,0.897270461,1.023081881,194,3.15E-05,-3.10E-05,-0.002212493,0,0.46146,0.000217184
10.27515244,1.155522505,0.897267898,1.023277,194,-7.97E-05,-0.000146446,0.000182183,0,0.46146,0.000217184
10.30015326,1.155525168,0.897267918,1.023303766,191,-4.72E-05,-8.98E-05,0.000394565,0,0.46146,0.000217184
10.32515335,1.155500849,0.897283395,1.02289976,184,-3.07E-05,-0.000343926,-0.003562966,0,0.46146,0.000217184
10.35012555,1.155502995,0.897292634,1.022599177,184,6.28E-05,-0.000290268,-0.00558867,0,0.46146,0.000217184
10.37512612,1.155510426,0.897284885,1.02277304,183,2.16E-05,-0.000121627,-0.002590175,0,0.46146,0.000217184
10.40012622,1.155522188,0.897265474,1.023296109,187,-8.35E-05,0.000100102,0.003030742,0,0.46146,0.000217184
10.42512679,1.155512571,0.897261639,1.023423818,198,-0.000142716,1.67E-05,0.003527388,0,0.46146,0.000217184
10.45016861,1.155515313,0.897258957,1.023410433,198,-0.00011684,4.84E-05,0.002556362,0,0.46146,0.000217184
10.47516894,1.155524731,0.897260845,1.023294699,200,-2.66E-05,0.000104334,0.000838581,0,0.46146,0.000217184
10.50016713,1.155519565,0.897269328,1.023113167,200,2.33E-05,-5.03E-06,-0.001097877,0,0.46146,0.000217184
10.52516961,1.155523817,0.89726903,1.023053679,201,3.65E-05,3.24E-05,-0.001404204,0,0.46146,0.000217184
10.55012345,1.155533115,0.897257864,1.02332653,199,-1.72E-05,0.000156366,0.001545385,0,0.46146,0.000217184
